-- DML: E-commerce Sales Data 3FN (muestra primeras 200 filas por tabla)

-- Tabla: countries
INSERT INTO countries VALUES ('1' , 'Australia' );
INSERT INTO countries VALUES ('2' , 'Austria' );
INSERT INTO countries VALUES ('3' , 'Bahrain' );
INSERT INTO countries VALUES ('4' , 'Belgium' );
INSERT INTO countries VALUES ('5' , 'Brazil' );
INSERT INTO countries VALUES ('6' , 'Canada' );
INSERT INTO countries VALUES ('7' , 'Channel Islands' );
INSERT INTO countries VALUES ('8' , 'Cyprus' );
INSERT INTO countries VALUES ('9' , 'Czech Republic' );
INSERT INTO countries VALUES ('10' , 'Denmark' );
INSERT INTO countries VALUES ('11' , 'EIRE' );
INSERT INTO countries VALUES ('12' , 'European Community' );
INSERT INTO countries VALUES ('13' , 'Finland' );
INSERT INTO countries VALUES ('14' , 'France' );
INSERT INTO countries VALUES ('15' , 'Germany' );
INSERT INTO countries VALUES ('16' , 'Greece' );
INSERT INTO countries VALUES ('17' , 'Iceland' );
INSERT INTO countries VALUES ('18' , 'Israel' );
INSERT INTO countries VALUES ('19' , 'Italy' );
INSERT INTO countries VALUES ('20' , 'Japan' );
INSERT INTO countries VALUES ('21' , 'Lebanon' );
INSERT INTO countries VALUES ('22' , 'Lithuania' );
INSERT INTO countries VALUES ('23' , 'Malta' );
INSERT INTO countries VALUES ('24' , 'Netherlands' );
INSERT INTO countries VALUES ('25' , 'Norway' );
INSERT INTO countries VALUES ('26' , 'Poland' );
INSERT INTO countries VALUES ('27' , 'Portugal' );
INSERT INTO countries VALUES ('28' , 'RSA' );
INSERT INTO countries VALUES ('29' , 'Saudi Arabia' );
INSERT INTO countries VALUES ('30' , 'Singapore' );
INSERT INTO countries VALUES ('31' , 'Spain' );
INSERT INTO countries VALUES ('32' , 'Sweden' );
INSERT INTO countries VALUES ('33' , 'Switzerland' );
INSERT INTO countries VALUES ('34' , 'USA' );
INSERT INTO countries VALUES ('35' , 'United Arab Emirates' );
INSERT INTO countries VALUES ('36' , 'United Kingdom' );
INSERT INTO countries VALUES ('37' , 'Unspecified' );

-- Tabla: customers
INSERT INTO customers VALUES ('17850' , '36' );
INSERT INTO customers VALUES ('13047' , '36' );
INSERT INTO customers VALUES ('12583' , '14' );
INSERT INTO customers VALUES ('13748' , '36' );
INSERT INTO customers VALUES ('15100' , '36' );
INSERT INTO customers VALUES ('15291' , '36' );
INSERT INTO customers VALUES ('14688' , '36' );
INSERT INTO customers VALUES ('17809' , '36' );
INSERT INTO customers VALUES ('15311' , '36' );
INSERT INTO customers VALUES ('14527' , '36' );
INSERT INTO customers VALUES ('16098' , '36' );
INSERT INTO customers VALUES ('18074' , '36' );
INSERT INTO customers VALUES ('17420' , '36' );
INSERT INTO customers VALUES ('16029' , '36' );
INSERT INTO customers VALUES ('16250' , '36' );
INSERT INTO customers VALUES ('12431' , '1' );
INSERT INTO customers VALUES ('17511' , '36' );
INSERT INTO customers VALUES ('17548' , '36' );
INSERT INTO customers VALUES ('13705' , '36' );
INSERT INTO customers VALUES ('13747' , '36' );
INSERT INTO customers VALUES ('13408' , '36' );
INSERT INTO customers VALUES ('13767' , '36' );
INSERT INTO customers VALUES ('17924' , '36' );
INSERT INTO customers VALUES ('13448' , '36' );
INSERT INTO customers VALUES ('15862' , '36' );
INSERT INTO customers VALUES ('15513' , '36' );
INSERT INTO customers VALUES ('12791' , '24' );
INSERT INTO customers VALUES ('16218' , '36' );
INSERT INTO customers VALUES ('14045' , '36' );
INSERT INTO customers VALUES ('14307' , '36' );
INSERT INTO customers VALUES ('17908' , '36' );
INSERT INTO customers VALUES ('17920' , '36' );
INSERT INTO customers VALUES ('12838' , '36' );
INSERT INTO customers VALUES ('13255' , '36' );
INSERT INTO customers VALUES ('16583' , '36' );
INSERT INTO customers VALUES ('18085' , '36' );
INSERT INTO customers VALUES ('13758' , '36' );
INSERT INTO customers VALUES ('13694' , '36' );
INSERT INTO customers VALUES ('15983' , '36' );
INSERT INTO customers VALUES ('14849' , '36' );
INSERT INTO customers VALUES ('17968' , '36' );
INSERT INTO customers VALUES ('16210' , '36' );
INSERT INTO customers VALUES ('17897' , '36' );
INSERT INTO customers VALUES ('17377' , '36' );
INSERT INTO customers VALUES ('16552' , '36' );
INSERT INTO customers VALUES ('17181' , '36' );
INSERT INTO customers VALUES ('17951' , '36' );
INSERT INTO customers VALUES ('14729' , '36' );
INSERT INTO customers VALUES ('12748' , '36' );
INSERT INTO customers VALUES ('15012' , '36' );
INSERT INTO customers VALUES ('12868' , '36' );
INSERT INTO customers VALUES ('17572' , '36' );
INSERT INTO customers VALUES ('14078' , '36' );
INSERT INTO customers VALUES ('14001' , '36' );
INSERT INTO customers VALUES ('12662' , '15' );
INSERT INTO customers VALUES ('15525' , '36' );
INSERT INTO customers VALUES ('14237' , '36' );
INSERT INTO customers VALUES ('17905' , '36' );
INSERT INTO customers VALUES ('15485' , '36' );
INSERT INTO customers VALUES ('12433' , '25' );
INSERT INTO customers VALUES ('16955' , '36' );
INSERT INTO customers VALUES ('15350' , '36' );
INSERT INTO customers VALUES ('15605' , '36' );
INSERT INTO customers VALUES ('18144' , '36' );
INSERT INTO customers VALUES ('15922' , '36' );
INSERT INTO customers VALUES ('14594' , '36' );
INSERT INTO customers VALUES ('15165' , '36' );
INSERT INTO customers VALUES ('14911' , '11' );
INSERT INTO customers VALUES ('16456' , '36' );
INSERT INTO customers VALUES ('17841' , '36' );
INSERT INTO customers VALUES ('12472' , '15' );
INSERT INTO customers VALUES ('17346' , '36' );
INSERT INTO customers VALUES ('17643' , '36' );
INSERT INTO customers VALUES ('17873' , '36' );
INSERT INTO customers VALUES ('13093' , '36' );
INSERT INTO customers VALUES ('12921' , '36' );
INSERT INTO customers VALUES ('13468' , '36' );
INSERT INTO customers VALUES ('17760' , '36' );
INSERT INTO customers VALUES ('16928' , '36' );
INSERT INTO customers VALUES ('16048' , '36' );
INSERT INTO customers VALUES ('16274' , '36' );
INSERT INTO customers VALUES ('14496' , '36' );
INSERT INTO customers VALUES ('14696' , '36' );
INSERT INTO customers VALUES ('16539' , '36' );
INSERT INTO customers VALUES ('17025' , '36' );
INSERT INTO customers VALUES ('13777' , '36' );
INSERT INTO customers VALUES ('17690' , '36' );
INSERT INTO customers VALUES ('12947' , '36' );
INSERT INTO customers VALUES ('17460' , '36' );
INSERT INTO customers VALUES ('18229' , '36' );
INSERT INTO customers VALUES ('14142' , '36' );
INSERT INTO customers VALUES ('17069' , '36' );
INSERT INTO customers VALUES ('13065' , '36' );
INSERT INTO customers VALUES ('14606' , '36' );
INSERT INTO customers VALUES ('16835' , '36' );
INSERT INTO customers VALUES ('15235' , '36' );
INSERT INTO customers VALUES ('13576' , '36' );
INSERT INTO customers VALUES ('18011' , '36' );
INSERT INTO customers VALUES ('13090' , '36' );
INSERT INTO customers VALUES ('15694' , '36' );
INSERT INTO customers VALUES ('14741' , '36' );
INSERT INTO customers VALUES ('13715' , '36' );
INSERT INTO customers VALUES ('14092' , '36' );
INSERT INTO customers VALUES ('17732' , '36' );
INSERT INTO customers VALUES ('12855' , '36' );
INSERT INTO customers VALUES ('15752' , '36' );
INSERT INTO customers VALUES ('17855' , '36' );
INSERT INTO customers VALUES ('14047' , '36' );
INSERT INTO customers VALUES ('17925' , '36' );
INSERT INTO customers VALUES ('13941' , '36' );
INSERT INTO customers VALUES ('17017' , '36' );
INSERT INTO customers VALUES ('14135' , '36' );
INSERT INTO customers VALUES ('13108' , '36' );
INSERT INTO customers VALUES ('12471' , '15' );
INSERT INTO customers VALUES ('15601' , '36' );
INSERT INTO customers VALUES ('13418' , '36' );
INSERT INTO customers VALUES ('14766' , '36' );
INSERT INTO customers VALUES ('15658' , '36' );
INSERT INTO customers VALUES ('14388' , '36' );
INSERT INTO customers VALUES ('14901' , '36' );
INSERT INTO customers VALUES ('18041' , '36' );
INSERT INTO customers VALUES ('15955' , '36' );
INSERT INTO customers VALUES ('15070' , '36' );
INSERT INTO customers VALUES ('16244' , '36' );
INSERT INTO customers VALUES ('15111' , '36' );
INSERT INTO customers VALUES ('14390' , '36' );
INSERT INTO customers VALUES ('16546' , '36' );
INSERT INTO customers VALUES ('15260' , '36' );
INSERT INTO customers VALUES ('13305' , '36' );
INSERT INTO customers VALUES ('14491' , '36' );
INSERT INTO customers VALUES ('14060' , '36' );
INSERT INTO customers VALUES ('15923' , '36' );
INSERT INTO customers VALUES ('16752' , '36' );
INSERT INTO customers VALUES ('17287' , '36' );
INSERT INTO customers VALUES ('15363' , '36' );
INSERT INTO customers VALUES ('12915' , '36' );
INSERT INTO customers VALUES ('15544' , '36' );
INSERT INTO customers VALUES ('15738' , '36' );
INSERT INTO customers VALUES ('16042' , '36' );
INSERT INTO customers VALUES ('17381' , '36' );
INSERT INTO customers VALUES ('15827' , '36' );
INSERT INTO customers VALUES ('14180' , '36' );
INSERT INTO customers VALUES ('13117' , '36' );
INSERT INTO customers VALUES ('16916' , '36' );
INSERT INTO customers VALUES ('17964' , '36' );
INSERT INTO customers VALUES ('14466' , '36' );
INSERT INTO customers VALUES ('17235' , '36' );
INSERT INTO customers VALUES ('16510' , '36' );
INSERT INTO customers VALUES ('17802' , '36' );
INSERT INTO customers VALUES ('15107' , '36' );
INSERT INTO customers VALUES ('17976' , '36' );
INSERT INTO customers VALUES ('14449' , '36' );
INSERT INTO customers VALUES ('15838' , '36' );
INSERT INTO customers VALUES ('16781' , '36' );
INSERT INTO customers VALUES ('17547' , '36' );
INSERT INTO customers VALUES ('13491' , '36' );
INSERT INTO customers VALUES ('16186' , '36' );
INSERT INTO customers VALUES ('17685' , '36' );
INSERT INTO customers VALUES ('17581' , '36' );
INSERT INTO customers VALUES ('15732' , '36' );
INSERT INTO customers VALUES ('13138' , '36' );
INSERT INTO customers VALUES ('15823' , '36' );
INSERT INTO customers VALUES ('17567' , '36' );
INSERT INTO customers VALUES ('15061' , '36' );
INSERT INTO customers VALUES ('16203' , '36' );
INSERT INTO customers VALUES ('15640' , '36' );
INSERT INTO customers VALUES ('15574' , '36' );
INSERT INTO customers VALUES ('16770' , '36' );
INSERT INTO customers VALUES ('17838' , '36' );
INSERT INTO customers VALUES ('17228' , '36' );
INSERT INTO customers VALUES ('14829' , '36' );
INSERT INTO customers VALUES ('17412' , '36' );
INSERT INTO customers VALUES ('14031' , '36' );
INSERT INTO customers VALUES ('14775' , '36' );
INSERT INTO customers VALUES ('12971' , '36' );
INSERT INTO customers VALUES ('15834' , '36' );
INSERT INTO customers VALUES ('17659' , '36' );
INSERT INTO customers VALUES ('15299' , '36' );
INSERT INTO customers VALUES ('15646' , '36' );
INSERT INTO customers VALUES ('13958' , '36' );
INSERT INTO customers VALUES ('14443' , '36' );
INSERT INTO customers VALUES ('14156' , '11' );
INSERT INTO customers VALUES ('16995' , '36' );
INSERT INTO customers VALUES ('13402' , '36' );
INSERT INTO customers VALUES ('18168' , '36' );
INSERT INTO customers VALUES ('17757' , '36' );
INSERT INTO customers VALUES ('14625' , '36' );
INSERT INTO customers VALUES ('13011' , '36' );
INSERT INTO customers VALUES ('13798' , '36' );
INSERT INTO customers VALUES ('15384' , '36' );
INSERT INTO customers VALUES ('14264' , '36' );
INSERT INTO customers VALUES ('13295' , '36' );
INSERT INTO customers VALUES ('16754' , '36' );
INSERT INTO customers VALUES ('16634' , '36' );
INSERT INTO customers VALUES ('18239' , '36' );
INSERT INTO customers VALUES ('14576' , '36' );
INSERT INTO customers VALUES ('13145' , '36' );
INSERT INTO customers VALUES ('14395' , '36' );
INSERT INTO customers VALUES ('14865' , '36' );
INSERT INTO customers VALUES ('15093' , '36' );

-- Tabla: products
INSERT INTO products VALUES ('10002' , 'INFLATABLE POLITICAL GLOBE' );
INSERT INTO products VALUES ('10080' , 'GROOVY CACTUS INFLATABLE' );
INSERT INTO products VALUES ('10120' , 'DOGGY RUBBER' );
INSERT INTO products VALUES ('10123C' , 'HEARTS WRAPPING TAPE' );
INSERT INTO products VALUES ('10124A' , 'SPOTS ON RED BOOKCOVER TAPE' );
INSERT INTO products VALUES ('10124G' , 'ARMY CAMO BOOKCOVER TAPE' );
INSERT INTO products VALUES ('10125' , 'MINI FUNKY DESIGN TAPES' );
INSERT INTO products VALUES ('10133' , 'COLOURING PENCILS BROWN TUBE' );
INSERT INTO products VALUES ('10135' , 'COLOURING PENCILS BROWN TUBE' );
INSERT INTO products VALUES ('11001' , 'ASSTD DESIGN RACING CAR PEN' );
INSERT INTO products VALUES ('15030' , 'FAN BLACK FRAME' );
INSERT INTO products VALUES ('15034' , 'PAPER POCKET TRAVELING FAN' );
INSERT INTO products VALUES ('15036' , 'ASSORTED COLOURS SILK FAN' );
INSERT INTO products VALUES ('15039' , 'SANDALWOOD FAN' );
INSERT INTO products VALUES ('15044A' , 'PINK PAPER PARASOL' );
INSERT INTO products VALUES ('15044B' , 'BLUE PAPER PARASOL' );
INSERT INTO products VALUES ('15044C' , 'PURPLE PAPER PARASOL' );
INSERT INTO products VALUES ('15044D' , 'RED PAPER PARASOL' );
INSERT INTO products VALUES ('15056BL' , 'EDWARDIAN PARASOL BLACK' );
INSERT INTO products VALUES ('15056N' , 'EDWARDIAN PARASOL NATURAL' );
INSERT INTO products VALUES ('15056P' , 'EDWARDIAN PARASOL PINK' );
INSERT INTO products VALUES ('15058A' , 'BLUE POLKADOT GARDEN PARASOL' );
INSERT INTO products VALUES ('15058B' , 'PINK POLKADOT GARDEN PARASOL' );
INSERT INTO products VALUES ('15058C' , 'ICE CREAM DESIGN GARDEN PARASOL' );
INSERT INTO products VALUES ('15060B' , 'FAIRY CAKE DESIGN UMBRELLA' );
INSERT INTO products VALUES ('16008' , 'SMALL FOLDING SCISSOR(POINTED EDGE)' );
INSERT INTO products VALUES ('16010' , 'FOLDING CAMPING SCISSOR W/KNIF & S' );
INSERT INTO products VALUES ('16011' , 'ANIMAL STICKERS' );
INSERT INTO products VALUES ('16012' , 'FOOD/DRINK SPONGE STICKERS' );
INSERT INTO products VALUES ('16014' , 'SMALL CHINESE STYLE SCISSOR' );
INSERT INTO products VALUES ('16015' , 'MEDIUM CHINESE STYLE SCISSOR' );
INSERT INTO products VALUES ('16016' , 'LARGE CHINESE STYLE SCISSOR' );
INSERT INTO products VALUES ('16020C' , 'CLEAR STATIONERY BOX SET' );
INSERT INTO products VALUES ('16033' , 'MINI HIGHLIGHTER PENS' );
INSERT INTO products VALUES ('16043' , 'POP ART PUSH DOWN RUBBER' );
INSERT INTO products VALUES ('16045' , 'POPART WOODEN PENCILS ASST' );
INSERT INTO products VALUES ('16046' , 'TEATIME PEN CASE & PENS' );
INSERT INTO products VALUES ('16048' , 'TEATIME ROUND PENCIL SHARPENER' );
INSERT INTO products VALUES ('16049' , 'TEATIME GEL PENS ASST' );
INSERT INTO products VALUES ('16052' , 'TEATIME PUSH DOWN RUBBER' );
INSERT INTO products VALUES ('16054' , 'POPART RECT PENCIL SHARPENER ASST' );
INSERT INTO products VALUES ('16151A' , 'FLOWERS HANDBAG blue and orange' );
INSERT INTO products VALUES ('16156L' , 'WRAP CAROUSEL' );
INSERT INTO products VALUES ('16156S' , 'WRAP PINK FAIRY CAKES' );
INSERT INTO products VALUES ('16161G' , 'WRAP BAD HAIR DAY' );
INSERT INTO products VALUES ('16161M' , 'WRAP  PINK FLOCK' );
INSERT INTO products VALUES ('16161P' , 'WRAP ENGLISH ROSE' );
INSERT INTO products VALUES ('16161U' , 'WRAP SUKI AND FRIENDS' );
INSERT INTO products VALUES ('16162L' , 'THE KING GIFT BAG' );
INSERT INTO products VALUES ('16162M' , 'THE KING GIFT BAG 25x24x12cm' );
INSERT INTO products VALUES ('16168M' , 'FUNKY MONKEY GIFT BAG MEDIUM' );
INSERT INTO products VALUES ('16169E' , 'WRAP 50''S  CHRISTMAS' );
INSERT INTO products VALUES ('16169K' , 'WRAP FOLK ART' );
INSERT INTO products VALUES ('16169M' , 'WRAP DAISY CARPET' );
INSERT INTO products VALUES ('16169N' , 'WRAP BLUE RUSSIAN FOLKART' );
INSERT INTO products VALUES ('16169P' , 'WRAP GREEN RUSSIAN FOLKART' );
INSERT INTO products VALUES ('16202A' , 'PASTEL PINK PHOTO ALBUM' );
INSERT INTO products VALUES ('16202B' , 'PASTEL BLUE PHOTO ALBUM' );
INSERT INTO products VALUES ('16202E' , 'BLACK PHOTO ALBUM' );
INSERT INTO products VALUES ('16206B' , 'RED PURSE WITH PINK HEART' );
INSERT INTO products VALUES ('16207A' , 'PINK STRAWBERRY HANDBAG' );
INSERT INTO products VALUES ('16207B' , 'PINK HEART RED HANDBAG' );
INSERT INTO products VALUES ('16216' , 'LETTER SHAPE PENCIL SHARPENER' );
INSERT INTO products VALUES ('16218' , 'CARTOON  PENCIL SHARPENERS' );
INSERT INTO products VALUES ('16219' , 'HOUSE SHAPE PENCIL SHARPENER' );
INSERT INTO products VALUES ('16225' , 'RATTLE SNAKE EGGS' );
INSERT INTO products VALUES ('16235' , 'RECYCLED PENCIL WITH RABBIT ERASER' );
INSERT INTO products VALUES ('16236' , 'KITTY PENCIL ERASERS' );
INSERT INTO products VALUES ('16237' , 'SLEEPING CAT ERASERS' );
INSERT INTO products VALUES ('16238' , 'PARTY TIME PENCIL ERASERS' );
INSERT INTO products VALUES ('16244B' , 'MAXWELL 2 TONE BLUE 60 PAGE PHOTO A' );
INSERT INTO products VALUES ('16248B' , 'BLUE HOLE PUNCH' );
INSERT INTO products VALUES ('16254' , 'TRANSPARENT ACRYLIC TAPE DISPENSER' );
INSERT INTO products VALUES ('16258A' , 'SWIRLY CIRCULAR RUBBERS IN BAG' );
INSERT INTO products VALUES ('16259' , 'PIECE OF CAMO STATIONERY SET' );
INSERT INTO products VALUES ('17001' , 'HEAVENS SCENT FRAGRANCE OILS ASSTD' );
INSERT INTO products VALUES ('17003' , 'BROCADE RING PURSE' );
INSERT INTO products VALUES ('17007B' , 'S/3 POT POURI CUSHIONS BLUE COLOURS' );
INSERT INTO products VALUES ('17011F' , 'ORIGAMI SANDLEWOOD INCENSE+FLOWER' );
INSERT INTO products VALUES ('17012A' , 'ORIGAMI VANILLA INCENSE/CANDLE SET' );
INSERT INTO products VALUES ('17012B' , 'ORIGAMI JASMINE INCENSE/CANDLE SET' );
INSERT INTO products VALUES ('17012C' , 'ORIGAMI LAVENDER INCENSE/CANDL SET' );
INSERT INTO products VALUES ('17012D' , 'ORIGAMI ROSE INCENSE/CANDLE SET' );
INSERT INTO products VALUES ('17012E' , 'ORIGAMI OPIUM INCENSE/CANDLE SET' );
INSERT INTO products VALUES ('17012F' , 'ORIGAMI SANDLEWOOD INCENSE/CAND SET' );
INSERT INTO products VALUES ('17013D' , 'ORIGAMI ROSE INCENSE IN TUBE' );
INSERT INTO products VALUES ('17014A' , 'ORIGAMI VANILLA INCENSE CONES' );
INSERT INTO products VALUES ('17021' , 'NAMASTE SWAGAT INCENSE' );
INSERT INTO products VALUES ('17028J' , 'INCENSE BAZAAR PEACH' );
INSERT INTO products VALUES ('17038' , 'PORCELAIN BUDAH INCENSE HOLDER' );
INSERT INTO products VALUES ('17084A' , 'TRANQUILITY MASALA INCENSE' );
INSERT INTO products VALUES ('17084J' , 'LOVE POTION MASALA INCENSE' );
INSERT INTO products VALUES ('17084N' , 'FAIRY DREAMS INCENSE' );
INSERT INTO products VALUES ('17084P' , 'DRAGONS BLOOD INCENSE' );
INSERT INTO products VALUES ('17084R' , 'ASSORTED INCENSE PACK' );
INSERT INTO products VALUES ('17090A' , 'LAVENDER INCENSE 40 CONES IN TIN' );
INSERT INTO products VALUES ('17090D' , 'VANILLA INCENSE 40 CONES IN TIN' );
INSERT INTO products VALUES ('17091A' , 'LAVENDER INCENSE IN TIN' );
INSERT INTO products VALUES ('17091J' , 'VANILLA INCENSE IN TIN' );
INSERT INTO products VALUES ('17096' , 'ASSORTED LAQUERED INCENSE HOLDERS' );
INSERT INTO products VALUES ('17107D' , 'FLOWER FAIRY,5 SUMMER B''DRAW LINERS' );
INSERT INTO products VALUES ('17109D' , 'FLOWER FAIRY INCENSE BOUQUET' );
INSERT INTO products VALUES ('17129F' , 'BLUE GLASS GEMS IN BAG' );
INSERT INTO products VALUES ('17136A' , 'BLUE STONES ON WIRE FOR CANDLE' );
INSERT INTO products VALUES ('17164B' , 'ASS COL SMALL SAND GECKO P''WEIGHT' );
INSERT INTO products VALUES ('17165D' , 'ASS COL LARGE SAND FROG P''WEIGHT' );
INSERT INTO products VALUES ('17174' , 'ASSTD RASTA KEY-CHAINS' );
INSERT INTO products VALUES ('17191A' , 'ROSE FLOWER CANDLE+INCENSE 16X16CM' );
INSERT INTO products VALUES ('18007' , 'ESSENTIAL BALM 3.5g TIN IN ENVELOPE' );
INSERT INTO products VALUES ('18094C' , 'WHITE AND BLUE CERAMIC OIL BURNER' );
INSERT INTO products VALUES ('18097A' , 'PINK TALL PORCELAIN T-LIGHT HOLDER' );
INSERT INTO products VALUES ('18097C' , 'WHITE TALL PORCELAIN T-LIGHT HOLDER' );
INSERT INTO products VALUES ('18098C' , 'PORCELAIN BUTTERFLY OIL BURNER' );
INSERT INTO products VALUES ('20615' , 'BLUE POLKADOT PASSPORT COVER' );
INSERT INTO products VALUES ('20616' , 'CHERRY BLOSSOM PASSPORT COVER' );
INSERT INTO products VALUES ('20617' , 'FIRST CLASS PASSPORT COVER' );
INSERT INTO products VALUES ('20618' , 'QUEEN OF THE SKIES PASSPORT COVER' );
INSERT INTO products VALUES ('20619' , 'TROPICAL PASSPORT COVER' );
INSERT INTO products VALUES ('20622' , 'VIPPASSPORT COVER' );
INSERT INTO products VALUES ('20652' , 'BLUE POLKADOT LUGGAGE TAG' );
INSERT INTO products VALUES ('20653' , 'CHERRY BLOSSOM LUGGAGE TAG' );
INSERT INTO products VALUES ('20654' , 'FIRST CLASS LUGGAGE TAG' );
INSERT INTO products VALUES ('20655' , 'QUEEN OF SKIES LUGGAGE TAG' );
INSERT INTO products VALUES ('20657' , 'TROPICAL LUGGAGE TAG' );
INSERT INTO products VALUES ('20658' , 'RED RETROSPOT LUGGAGE TAG' );
INSERT INTO products VALUES ('20659' , 'ECONOMY LUGGAGE TAG' );
INSERT INTO products VALUES ('20661' , 'BLUE POLKADOT PURSE' );
INSERT INTO products VALUES ('20662' , 'FIRST CLASS HOLIDAY PURSE' );
INSERT INTO products VALUES ('20663' , 'QUEEN OF THE SKIES HOLIDAY PURSE' );
INSERT INTO products VALUES ('20664' , 'TROPICAL HOLIDAY PURSE' );
INSERT INTO products VALUES ('20665' , 'RED RETROSPOT PURSE' );
INSERT INTO products VALUES ('20666' , 'ECONOMY HOLIDAY PURSE' );
INSERT INTO products VALUES ('20667' , 'CHERRY BLOSSOM PURSE' );
INSERT INTO products VALUES ('20668' , 'DISCO BALL CHRISTMAS DECORATION' );
INSERT INTO products VALUES ('20669' , 'RED HEART LUGGAGE TAG' );
INSERT INTO products VALUES ('20670' , 'VIP HOLIDAY PURSE' );
INSERT INTO products VALUES ('20671' , 'BLUE TEATIME PRINT BOWL' );
INSERT INTO products VALUES ('20674' , 'GREEN POLKADOT BOWL' );
INSERT INTO products VALUES ('20675' , 'BLUE POLKADOT BOWL' );
INSERT INTO products VALUES ('20676' , 'RED RETROSPOT BOWL' );
INSERT INTO products VALUES ('20677' , 'PINK POLKADOT BOWL' );
INSERT INTO products VALUES ('20678' , 'LARGE BLACK DIAMANTE HAIRSLIDE' );
INSERT INTO products VALUES ('20679' , 'EDWARDIAN PARASOL RED' );
INSERT INTO products VALUES ('20681' , 'PINK POLKADOT CHILDRENS UMBRELLA' );
INSERT INTO products VALUES ('20682' , 'RED RETROSPOT CHILDRENS UMBRELLA' );
INSERT INTO products VALUES ('20684' , 'STRAWBERRY DREAM CHILDS UMBRELLA' );
INSERT INTO products VALUES ('20685' , 'DOORMAT RED RETROSPOT' );
INSERT INTO products VALUES ('20686' , 'DOLLY MIXTURE CHILDREN''S UMBRELLA' );
INSERT INTO products VALUES ('20694' , 'FLORAL PINK MONSTER' );
INSERT INTO products VALUES ('20695' , 'FLORAL BLUE MONSTER' );
INSERT INTO products VALUES ('20696' , 'FLORAL SOFT CAR TOY' );
INSERT INTO products VALUES ('20697' , 'LITTLE GREEN MONSTER SOFT TOY' );
INSERT INTO products VALUES ('20698' , 'LITTLE PINK MONSTER SOFT TOY' );
INSERT INTO products VALUES ('20699' , 'MOUSEY LONG LEGS SOFT TOY' );
INSERT INTO products VALUES ('20700' , 'GREEN CAT FLORAL CUSHION COVER' );
INSERT INTO products VALUES ('20701' , 'PINK CAT FLORAL CUSHION COVER' );
INSERT INTO products VALUES ('20702' , 'PINK PADDED MOBILE' );
INSERT INTO products VALUES ('20703' , 'BLUE PADDED SOFT MOBILE' );
INSERT INTO products VALUES ('20704' , 'MR ROBOT SOFT TOY' );
INSERT INTO products VALUES ('20705' , 'MRS ROBOT SOFT TOY' );
INSERT INTO products VALUES ('20707' , 'CRAZY DAISY HEART DECORATION' );
INSERT INTO products VALUES ('20711' , 'JUMBO BAG TOYS' );
INSERT INTO products VALUES ('20712' , 'JUMBO BAG WOODLAND ANIMALS' );
INSERT INTO products VALUES ('20713' , 'JUMBO BAG OWLS' );
INSERT INTO products VALUES ('20716' , 'PARTY FOOD SHOPPER BAG' );
INSERT INTO products VALUES ('20717' , 'STRAWBERRY SHOPPER BAG' );
INSERT INTO products VALUES ('20718' , 'RED RETROSPOT SHOPPER BAG' );
INSERT INTO products VALUES ('20719' , 'WOODLAND CHARLOTTE BAG' );
INSERT INTO products VALUES ('20723' , 'STRAWBERRY CHARLOTTE BAG' );
INSERT INTO products VALUES ('20724' , 'RED RETROSPOT CHARLOTTE BAG' );
INSERT INTO products VALUES ('20725' , 'LUNCH BAG RED RETROSPOT' );
INSERT INTO products VALUES ('20726' , 'LUNCH BAG WOODLAND' );
INSERT INTO products VALUES ('20727' , 'LUNCH BAG  BLACK SKULL.' );
INSERT INTO products VALUES ('20728' , 'LUNCH BAG CARS BLUE' );
INSERT INTO products VALUES ('20731' , 'POSY CANDY BAG' );
INSERT INTO products VALUES ('20733' , 'GOLD MINI TAPE MEASURE' );
INSERT INTO products VALUES ('20735' , 'BLACK MINI TAPE MEASURE' );
INSERT INTO products VALUES ('20748' , 'KENSINGTON COFFEE SET' );
INSERT INTO products VALUES ('20749' , 'ASSORTED COLOUR MINI CASES' );
INSERT INTO products VALUES ('20750' , 'RED RETROSPOT MINI CASES' );
INSERT INTO products VALUES ('20751' , 'FUNKY WASHING UP GLOVES ASSORTED' );
INSERT INTO products VALUES ('20752' , 'BLUE POLKADOT WASHING UP GLOVES' );
INSERT INTO products VALUES ('20754' , 'RETROSPOT RED WASHING UP GLOVES' );
INSERT INTO products VALUES ('20755' , 'BLUE PAISLEY POCKET BOOK' );
INSERT INTO products VALUES ('20756' , 'GREEN FERN POCKET BOOK' );
INSERT INTO products VALUES ('20757' , 'RED DAISY POCKET BOOK' );
INSERT INTO products VALUES ('20758' , 'ABSTRACT CIRCLES POCKET BOOK' );
INSERT INTO products VALUES ('20759' , 'CHRYSANTHEMUM POCKET BOOK' );
INSERT INTO products VALUES ('20760' , 'GARDEN PATH POCKET BOOK' );
INSERT INTO products VALUES ('20761' , 'BLUE PAISLEY SKETCHBOOK' );
INSERT INTO products VALUES ('20762' , 'GREEN FERN SKETCHBOOK' );
INSERT INTO products VALUES ('20763' , 'DAISY SKETCHBOOK' );
INSERT INTO products VALUES ('20764' , 'ABSTRACT CIRCLES SKETCHBOOK' );
INSERT INTO products VALUES ('20765' , 'CHRYSANTHEMUM SKETCHBOOK' );
INSERT INTO products VALUES ('20766' , 'GARDEN PATH SKETCHBOOK' );
INSERT INTO products VALUES ('20767' , 'BLUE PAISLEY JOURNAL' );
INSERT INTO products VALUES ('20768' , 'GREEN FERN JOURNAL' );
INSERT INTO products VALUES ('20769' , 'DAISY JOURNAL' );
INSERT INTO products VALUES ('20770' , 'ABSTRACT CIRCLE JOURNAL' );
INSERT INTO products VALUES ('20771' , 'CHRYSANTHEMUM  JOURNAL' );

-- Tabla: invoices
INSERT INTO invoices VALUES ('536365' , '17850' , '2010-12-01 08:26:00' );
INSERT INTO invoices VALUES ('536366' , '17850' , '2010-12-01 08:28:00' );
INSERT INTO invoices VALUES ('536367' , '13047' , '2010-12-01 08:34:00' );
INSERT INTO invoices VALUES ('536368' , '13047' , '2010-12-01 08:34:00' );
INSERT INTO invoices VALUES ('536369' , '13047' , '2010-12-01 08:35:00' );
INSERT INTO invoices VALUES ('536370' , '12583' , '2010-12-01 08:45:00' );
INSERT INTO invoices VALUES ('536371' , '13748' , '2010-12-01 09:00:00' );
INSERT INTO invoices VALUES ('536372' , '17850' , '2010-12-01 09:01:00' );
INSERT INTO invoices VALUES ('536373' , '17850' , '2010-12-01 09:02:00' );
INSERT INTO invoices VALUES ('536374' , '15100' , '2010-12-01 09:09:00' );
INSERT INTO invoices VALUES ('536375' , '17850' , '2010-12-01 09:32:00' );
INSERT INTO invoices VALUES ('536376' , '15291' , '2010-12-01 09:32:00' );
INSERT INTO invoices VALUES ('536377' , '17850' , '2010-12-01 09:34:00' );
INSERT INTO invoices VALUES ('536378' , '14688' , '2010-12-01 09:37:00' );
INSERT INTO invoices VALUES ('536380' , '17809' , '2010-12-01 09:41:00' );
INSERT INTO invoices VALUES ('536381' , '15311' , '2010-12-01 09:41:00' );
INSERT INTO invoices VALUES ('C536379' , '14527' , '2010-12-01 09:41:00' );
INSERT INTO invoices VALUES ('536382' , '16098' , '2010-12-01 09:45:00' );
INSERT INTO invoices VALUES ('C536383' , '15311' , '2010-12-01 09:49:00' );
INSERT INTO invoices VALUES ('536384' , '18074' , '2010-12-01 09:53:00' );
INSERT INTO invoices VALUES ('536385' , '17420' , '2010-12-01 09:56:00' );
INSERT INTO invoices VALUES ('536386' , '16029' , '2010-12-01 09:57:00' );
INSERT INTO invoices VALUES ('536387' , '16029' , '2010-12-01 09:58:00' );
INSERT INTO invoices VALUES ('536388' , '16250' , '2010-12-01 09:59:00' );
INSERT INTO invoices VALUES ('536389' , '12431' , '2010-12-01 10:03:00' );
INSERT INTO invoices VALUES ('536390' , '17511' , '2010-12-01 10:19:00' );
INSERT INTO invoices VALUES ('C536391' , '17548' , '2010-12-01 10:24:00' );
INSERT INTO invoices VALUES ('536392' , '13705' , '2010-12-01 10:29:00' );
INSERT INTO invoices VALUES ('536393' , '13747' , '2010-12-01 10:37:00' );
INSERT INTO invoices VALUES ('536394' , '13408' , '2010-12-01 10:39:00' );
INSERT INTO invoices VALUES ('536395' , '13767' , '2010-12-01 10:47:00' );
INSERT INTO invoices VALUES ('536396' , '17850' , '2010-12-01 10:51:00' );
INSERT INTO invoices VALUES ('536397' , '17924' , '2010-12-01 10:51:00' );
INSERT INTO invoices VALUES ('536398' , '13448' , '2010-12-01 10:52:00' );
INSERT INTO invoices VALUES ('536399' , '17850' , '2010-12-01 10:52:00' );
INSERT INTO invoices VALUES ('536400' , '13448' , '2010-12-01 10:53:00' );
INSERT INTO invoices VALUES ('536401' , '15862' , '2010-12-01 11:21:00' );
INSERT INTO invoices VALUES ('536402' , '15513' , '2010-12-01 11:22:00' );
INSERT INTO invoices VALUES ('536403' , '12791' , '2010-12-01 11:27:00' );
INSERT INTO invoices VALUES ('536404' , '16218' , '2010-12-01 11:29:00' );
INSERT INTO invoices VALUES ('536405' , '14045' , '2010-12-01 11:32:00' );
INSERT INTO invoices VALUES ('536406' , '17850' , '2010-12-01 11:33:00' );
INSERT INTO invoices VALUES ('536407' , '17850' , '2010-12-01 11:34:00' );
INSERT INTO invoices VALUES ('536408' , '14307' , '2010-12-01 11:41:00' );
INSERT INTO invoices VALUES ('536409' , '17908' , '2010-12-01 11:45:00' );
INSERT INTO invoices VALUES ('536412' , '17920' , '2010-12-01 11:49:00' );
INSERT INTO invoices VALUES ('536415' , '12838' , '2010-12-01 11:57:00' );
INSERT INTO invoices VALUES ('536416' , '13255' , '2010-12-01 11:58:00' );
INSERT INTO invoices VALUES ('536420' , '16583' , '2010-12-01 12:03:00' );
INSERT INTO invoices VALUES ('536423' , '18085' , '2010-12-01 12:08:00' );
INSERT INTO invoices VALUES ('536425' , '13758' , '2010-12-01 12:08:00' );
INSERT INTO invoices VALUES ('536437' , '13694' , '2010-12-01 12:12:00' );
INSERT INTO invoices VALUES ('536446' , '15983' , '2010-12-01 12:15:00' );
INSERT INTO invoices VALUES ('536460' , '14849' , '2010-12-01 12:22:00' );
INSERT INTO invoices VALUES ('536463' , '14849' , '2010-12-01 12:22:00' );
INSERT INTO invoices VALUES ('536464' , '17968' , '2010-12-01 12:23:00' );
INSERT INTO invoices VALUES ('536466' , '14849' , '2010-12-01 12:23:00' );
INSERT INTO invoices VALUES ('536477' , '16210' , '2010-12-01 12:27:00' );
INSERT INTO invoices VALUES ('536488' , '17897' , '2010-12-01 12:31:00' );
INSERT INTO invoices VALUES ('536500' , '17377' , '2010-12-01 12:35:00' );
INSERT INTO invoices VALUES ('536502' , '16552' , '2010-12-01 12:36:00' );
INSERT INTO invoices VALUES ('536508' , '17181' , '2010-12-01 12:38:00' );
INSERT INTO invoices VALUES ('C536506' , '17897' , '2010-12-01 12:38:00' );
INSERT INTO invoices VALUES ('536514' , '17951' , '2010-12-01 12:40:00' );
INSERT INTO invoices VALUES ('536520' , '14729' , '2010-12-01 12:43:00' );
INSERT INTO invoices VALUES ('536521' , '12748' , '2010-12-01 12:48:00' );
INSERT INTO invoices VALUES ('536522' , '15012' , '2010-12-01 12:49:00' );
INSERT INTO invoices VALUES ('536523' , '12868' , '2010-12-01 12:50:00' );
INSERT INTO invoices VALUES ('536524' , '17572' , '2010-12-01 12:51:00' );
INSERT INTO invoices VALUES ('536525' , '14078' , '2010-12-01 12:54:00' );
INSERT INTO invoices VALUES ('536526' , '14001' , '2010-12-01 12:58:00' );
INSERT INTO invoices VALUES ('536527' , '12662' , '2010-12-01 13:04:00' );
INSERT INTO invoices VALUES ('536528' , '15525' , '2010-12-01 13:17:00' );
INSERT INTO invoices VALUES ('536529' , '14237' , '2010-12-01 13:20:00' );
INSERT INTO invoices VALUES ('536530' , '17905' , '2010-12-01 13:21:00' );
INSERT INTO invoices VALUES ('536531' , '15485' , '2010-12-01 13:23:00' );
INSERT INTO invoices VALUES ('536532' , '12433' , '2010-12-01 13:24:00' );
INSERT INTO invoices VALUES ('536533' , '16955' , '2010-12-01 13:31:00' );
INSERT INTO invoices VALUES ('536534' , '15350' , '2010-12-01 13:33:00' );
INSERT INTO invoices VALUES ('536535' , '15605' , '2010-12-01 13:38:00' );
INSERT INTO invoices VALUES ('536536' , '18144' , '2010-12-01 13:45:00' );
INSERT INTO invoices VALUES ('536537' , '15922' , '2010-12-01 13:51:00' );
INSERT INTO invoices VALUES ('536538' , '14594' , '2010-12-01 13:54:00' );
INSERT INTO invoices VALUES ('536539' , '15165' , '2010-12-01 14:03:00' );
INSERT INTO invoices VALUES ('536540' , '14911' , '2010-12-01 14:05:00' );
INSERT INTO invoices VALUES ('536541' , '14911' , '2010-12-01 14:05:00' );
INSERT INTO invoices VALUES ('536542' , '16456' , '2010-12-01 14:11:00' );
INSERT INTO invoices VALUES ('C536543' , '17841' , '2010-12-01 14:30:00' );
INSERT INTO invoices VALUES ('C536548' , '12472' , '2010-12-01 14:33:00' );
INSERT INTO invoices VALUES ('536551' , '17346' , '2010-12-01 14:34:00' );
INSERT INTO invoices VALUES ('536556' , '17643' , '2010-12-01 14:38:00' );
INSERT INTO invoices VALUES ('536557' , '17841' , '2010-12-01 14:41:00' );
INSERT INTO invoices VALUES ('536559' , '17873' , '2010-12-01 14:54:00' );
INSERT INTO invoices VALUES ('536560' , '13093' , '2010-12-01 15:00:00' );
INSERT INTO invoices VALUES ('536561' , '12921' , '2010-12-01 15:06:00' );
INSERT INTO invoices VALUES ('536562' , '13468' , '2010-12-01 15:08:00' );
INSERT INTO invoices VALUES ('536563' , '17760' , '2010-12-01 15:08:00' );
INSERT INTO invoices VALUES ('536564' , '13468' , '2010-12-01 15:08:00' );
INSERT INTO invoices VALUES ('536566' , '16928' , '2010-12-01 15:21:00' );
INSERT INTO invoices VALUES ('536567' , '16048' , '2010-12-01 15:27:00' );
INSERT INTO invoices VALUES ('536568' , '16048' , '2010-12-01 15:28:00' );
INSERT INTO invoices VALUES ('536569' , '16274' , '2010-12-01 15:35:00' );
INSERT INTO invoices VALUES ('536570' , '14496' , '2010-12-01 15:35:00' );
INSERT INTO invoices VALUES ('536571' , '14696' , '2010-12-01 15:37:00' );
INSERT INTO invoices VALUES ('536572' , '16539' , '2010-12-01 15:40:00' );
INSERT INTO invoices VALUES ('536573' , '17025' , '2010-12-01 15:45:00' );
INSERT INTO invoices VALUES ('536574' , '17025' , '2010-12-01 15:46:00' );
INSERT INTO invoices VALUES ('536575' , '13777' , '2010-12-01 16:01:00' );
INSERT INTO invoices VALUES ('536576' , '13777' , '2010-12-01 16:11:00' );
INSERT INTO invoices VALUES ('536577' , '13777' , '2010-12-01 16:13:00' );
INSERT INTO invoices VALUES ('536578' , '17690' , '2010-12-01 16:15:00' );
INSERT INTO invoices VALUES ('536579' , '13777' , '2010-12-01 16:16:00' );
INSERT INTO invoices VALUES ('536580' , '17690' , '2010-12-01 16:17:00' );
INSERT INTO invoices VALUES ('536581' , '13777' , '2010-12-01 16:19:00' );
INSERT INTO invoices VALUES ('536582' , '12947' , '2010-12-01 16:21:00' );
INSERT INTO invoices VALUES ('536583' , '13777' , '2010-12-01 16:21:00' );
INSERT INTO invoices VALUES ('536584' , '13777' , '2010-12-01 16:22:00' );
INSERT INTO invoices VALUES ('536585' , '17460' , '2010-12-01 16:24:00' );
INSERT INTO invoices VALUES ('536586' , '18229' , '2010-12-01 16:25:00' );
INSERT INTO invoices VALUES ('536587' , '14142' , '2010-12-01 16:33:00' );
INSERT INTO invoices VALUES ('536588' , '17069' , '2010-12-01 16:49:00' );
INSERT INTO invoices VALUES ('536590' , '13065' , '2010-12-01 16:52:00' );
INSERT INTO invoices VALUES ('536591' , '14606' , '2010-12-01 16:57:00' );
INSERT INTO invoices VALUES ('536593' , '16835' , '2010-12-01 17:15:00' );
INSERT INTO invoices VALUES ('536594' , '15235' , '2010-12-01 17:22:00' );
INSERT INTO invoices VALUES ('536595' , '13576' , '2010-12-01 17:24:00' );
INSERT INTO invoices VALUES ('536597' , '18011' , '2010-12-01 17:35:00' );
INSERT INTO invoices VALUES ('536598' , '13090' , '2010-12-02 07:48:00' );
INSERT INTO invoices VALUES ('536599' , '15694' , '2010-12-02 07:49:00' );
INSERT INTO invoices VALUES ('536600' , '17850' , '2010-12-02 08:32:00' );
INSERT INTO invoices VALUES ('536601' , '17850' , '2010-12-02 08:33:00' );
INSERT INTO invoices VALUES ('536602' , '17850' , '2010-12-02 08:34:00' );
INSERT INTO invoices VALUES ('536603' , '17850' , '2010-12-02 08:40:00' );
INSERT INTO invoices VALUES ('536604' , '14741' , '2010-12-02 08:43:00' );
INSERT INTO invoices VALUES ('536605' , '13715' , '2010-12-02 08:52:00' );
INSERT INTO invoices VALUES ('C536606' , '14092' , '2010-12-02 09:10:00' );
INSERT INTO invoices VALUES ('536607' , '17732' , '2010-12-02 09:29:00' );
INSERT INTO invoices VALUES ('536608' , '12855' , '2010-12-02 09:37:00' );
INSERT INTO invoices VALUES ('536609' , '17850' , '2010-12-02 09:41:00' );
INSERT INTO invoices VALUES ('536610' , '17850' , '2010-12-02 09:42:00' );
INSERT INTO invoices VALUES ('536611' , '15752' , '2010-12-02 09:43:00' );
INSERT INTO invoices VALUES ('536612' , '17850' , '2010-12-02 09:44:00' );
INSERT INTO invoices VALUES ('536613' , '17855' , '2010-12-02 09:44:00' );
INSERT INTO invoices VALUES ('536614' , '17850' , '2010-12-02 09:44:00' );
INSERT INTO invoices VALUES ('536615' , '14047' , '2010-12-02 10:09:00' );
INSERT INTO invoices VALUES ('536616' , '17925' , '2010-12-02 10:10:00' );
INSERT INTO invoices VALUES ('536617' , '13941' , '2010-12-02 10:17:00' );
INSERT INTO invoices VALUES ('536618' , '17017' , '2010-12-02 10:17:00' );
INSERT INTO invoices VALUES ('536619' , '17017' , '2010-12-02 10:18:00' );
INSERT INTO invoices VALUES ('536620' , '14135' , '2010-12-02 10:27:00' );
INSERT INTO invoices VALUES ('536621' , '13108' , '2010-12-02 10:35:00' );
INSERT INTO invoices VALUES ('C536622' , '12471' , '2010-12-02 10:37:00' );
INSERT INTO invoices VALUES ('536623' , '15601' , '2010-12-02 10:39:00' );
INSERT INTO invoices VALUES ('536624' , '13418' , '2010-12-02 10:45:00' );
INSERT INTO invoices VALUES ('536626' , '13418' , '2010-12-02 10:46:00' );
INSERT INTO invoices VALUES ('C536625' , '14766' , '2010-12-02 10:46:00' );
INSERT INTO invoices VALUES ('536627' , '15658' , '2010-12-02 10:53:00' );
INSERT INTO invoices VALUES ('536628' , '17850' , '2010-12-02 10:54:00' );
INSERT INTO invoices VALUES ('536629' , '17850' , '2010-12-02 10:55:00' );
INSERT INTO invoices VALUES ('536630' , '17850' , '2010-12-02 10:56:00' );
INSERT INTO invoices VALUES ('536631' , '17850' , '2010-12-02 10:58:00' );
INSERT INTO invoices VALUES ('536632' , '14388' , '2010-12-02 11:02:00' );
INSERT INTO invoices VALUES ('536633' , '14901' , '2010-12-02 11:20:00' );
INSERT INTO invoices VALUES ('536634' , '18041' , '2010-12-02 11:21:00' );
INSERT INTO invoices VALUES ('536635' , '15955' , '2010-12-02 11:22:00' );
INSERT INTO invoices VALUES ('536636' , '15070' , '2010-12-02 11:23:00' );
INSERT INTO invoices VALUES ('536637' , '18041' , '2010-12-02 11:35:00' );
INSERT INTO invoices VALUES ('536638' , '16244' , '2010-12-02 11:41:00' );
INSERT INTO invoices VALUES ('536639' , '15111' , '2010-12-02 11:45:00' );
INSERT INTO invoices VALUES ('536641' , '12748' , '2010-12-02 11:46:00' );
INSERT INTO invoices VALUES ('C536642' , '14390' , '2010-12-02 11:56:00' );
INSERT INTO invoices VALUES ('536643' , '14390' , '2010-12-02 11:57:00' );
INSERT INTO invoices VALUES ('536663' , '16546' , '2010-12-02 12:07:00' );
INSERT INTO invoices VALUES ('536667' , '15260' , '2010-12-02 12:09:00' );
INSERT INTO invoices VALUES ('536670' , '15260' , '2010-12-02 12:09:00' );
INSERT INTO invoices VALUES ('536671' , '13305' , '2010-12-02 12:10:00' );
INSERT INTO invoices VALUES ('536672' , '14491' , '2010-12-02 12:10:00' );
INSERT INTO invoices VALUES ('536673' , '14060' , '2010-12-02 12:11:00' );
INSERT INTO invoices VALUES ('536674' , '15923' , '2010-12-02 12:16:00' );
INSERT INTO invoices VALUES ('536676' , '16752' , '2010-12-02 12:18:00' );
INSERT INTO invoices VALUES ('536681' , '17287' , '2010-12-02 12:22:00' );
INSERT INTO invoices VALUES ('536685' , '17850' , '2010-12-02 12:23:00' );
INSERT INTO invoices VALUES ('536688' , '17850' , '2010-12-02 12:24:00' );
INSERT INTO invoices VALUES ('536690' , '17850' , '2010-12-02 12:25:00' );
INSERT INTO invoices VALUES ('536693' , '17850' , '2010-12-02 12:26:00' );
INSERT INTO invoices VALUES ('536698' , '15363' , '2010-12-02 12:28:00' );
INSERT INTO invoices VALUES ('536707' , '12915' , '2010-12-02 12:33:00' );
INSERT INTO invoices VALUES ('536732' , '15544' , '2010-12-02 12:47:00' );
INSERT INTO invoices VALUES ('536733' , '15738' , '2010-12-02 12:50:00' );
INSERT INTO invoices VALUES ('C536734' , '16042' , '2010-12-02 12:50:00' );
INSERT INTO invoices VALUES ('536735' , '17381' , '2010-12-02 12:58:00' );
INSERT INTO invoices VALUES ('536736' , '17381' , '2010-12-02 12:59:00' );
INSERT INTO invoices VALUES ('C536737' , '15922' , '2010-12-02 13:05:00' );
INSERT INTO invoices VALUES ('536738' , '15827' , '2010-12-02 13:06:00' );
INSERT INTO invoices VALUES ('536739' , '14180' , '2010-12-02 13:08:00' );
INSERT INTO invoices VALUES ('536740' , '15827' , '2010-12-02 13:08:00' );
INSERT INTO invoices VALUES ('536741' , '13117' , '2010-12-02 13:11:00' );
INSERT INTO invoices VALUES ('536742' , '16916' , '2010-12-02 13:14:00' );
INSERT INTO invoices VALUES ('536743' , '17964' , '2010-12-02 13:32:00' );
INSERT INTO invoices VALUES ('536744' , '14466' , '2010-12-02 13:36:00' );

-- Tabla: invoice_items
INSERT INTO invoice_items VALUES ('1' , '536365' , '85123A' , '6' , '2.55' );
INSERT INTO invoice_items VALUES ('2' , '536365' , '71053' , '6' , '3.39' );
INSERT INTO invoice_items VALUES ('3' , '536365' , '84406B' , '8' , '2.75' );
INSERT INTO invoice_items VALUES ('4' , '536365' , '84029G' , '6' , '3.39' );
INSERT INTO invoice_items VALUES ('5' , '536365' , '84029E' , '6' , '3.39' );
INSERT INTO invoice_items VALUES ('6' , '536365' , '22752' , '2' , '7.65' );
INSERT INTO invoice_items VALUES ('7' , '536365' , '21730' , '6' , '4.25' );
INSERT INTO invoice_items VALUES ('8' , '536366' , '22633' , '6' , '1.85' );
INSERT INTO invoice_items VALUES ('9' , '536366' , '22632' , '6' , '1.85' );
INSERT INTO invoice_items VALUES ('10' , '536367' , '84879' , '32' , '1.69' );
INSERT INTO invoice_items VALUES ('11' , '536367' , '22745' , '6' , '2.1' );
INSERT INTO invoice_items VALUES ('12' , '536367' , '22748' , '6' , '2.1' );
INSERT INTO invoice_items VALUES ('13' , '536367' , '22749' , '8' , '3.75' );
INSERT INTO invoice_items VALUES ('14' , '536367' , '22310' , '6' , '1.65' );
INSERT INTO invoice_items VALUES ('15' , '536367' , '84969' , '6' , '4.25' );
INSERT INTO invoice_items VALUES ('16' , '536367' , '22623' , '3' , '4.95' );
INSERT INTO invoice_items VALUES ('17' , '536367' , '22622' , '2' , '9.95' );
INSERT INTO invoice_items VALUES ('18' , '536367' , '21754' , '3' , '5.95' );
INSERT INTO invoice_items VALUES ('19' , '536367' , '21755' , '3' , '5.95' );
INSERT INTO invoice_items VALUES ('20' , '536367' , '21777' , '4' , '7.95' );
INSERT INTO invoice_items VALUES ('21' , '536367' , '48187' , '4' , '7.95' );
INSERT INTO invoice_items VALUES ('22' , '536368' , '22960' , '6' , '4.25' );
INSERT INTO invoice_items VALUES ('23' , '536368' , '22913' , '3' , '4.95' );
INSERT INTO invoice_items VALUES ('24' , '536368' , '22912' , '3' , '4.95' );
INSERT INTO invoice_items VALUES ('25' , '536368' , '22914' , '3' , '4.95' );
INSERT INTO invoice_items VALUES ('26' , '536369' , '21756' , '3' , '5.95' );
INSERT INTO invoice_items VALUES ('27' , '536370' , '22728' , '24' , '3.75' );
INSERT INTO invoice_items VALUES ('28' , '536370' , '22727' , '24' , '3.75' );
INSERT INTO invoice_items VALUES ('29' , '536370' , '22726' , '12' , '3.75' );
INSERT INTO invoice_items VALUES ('30' , '536370' , '21724' , '12' , '0.85' );
INSERT INTO invoice_items VALUES ('31' , '536370' , '21883' , '24' , '0.65' );
INSERT INTO invoice_items VALUES ('32' , '536370' , '10002' , '48' , '0.85' );
INSERT INTO invoice_items VALUES ('33' , '536370' , '21791' , '24' , '1.25' );
INSERT INTO invoice_items VALUES ('34' , '536370' , '21035' , '18' , '2.95' );
INSERT INTO invoice_items VALUES ('35' , '536370' , '22326' , '24' , '2.95' );
INSERT INTO invoice_items VALUES ('36' , '536370' , '22629' , '24' , '1.95' );
INSERT INTO invoice_items VALUES ('37' , '536370' , '22659' , '24' , '1.95' );
INSERT INTO invoice_items VALUES ('38' , '536370' , '22631' , '24' , '1.95' );
INSERT INTO invoice_items VALUES ('39' , '536370' , '22661' , '20' , '0.85' );
INSERT INTO invoice_items VALUES ('40' , '536370' , '21731' , '24' , '1.65' );
INSERT INTO invoice_items VALUES ('41' , '536370' , '22900' , '24' , '2.95' );
INSERT INTO invoice_items VALUES ('42' , '536370' , '21913' , '12' , '3.75' );
INSERT INTO invoice_items VALUES ('43' , '536370' , '22540' , '24' , '0.42' );
INSERT INTO invoice_items VALUES ('44' , '536370' , '22544' , '24' , '0.42' );
INSERT INTO invoice_items VALUES ('45' , '536370' , '22492' , '36' , '0.65' );
INSERT INTO invoice_items VALUES ('46' , '536370' , 'POST' , '3' , '18.0' );
INSERT INTO invoice_items VALUES ('47' , '536371' , '22086' , '80' , '2.55' );
INSERT INTO invoice_items VALUES ('48' , '536372' , '22632' , '6' , '1.85' );
INSERT INTO invoice_items VALUES ('49' , '536372' , '22633' , '6' , '1.85' );
INSERT INTO invoice_items VALUES ('50' , '536373' , '85123A' , '6' , '2.55' );
INSERT INTO invoice_items VALUES ('51' , '536373' , '71053' , '6' , '3.39' );
INSERT INTO invoice_items VALUES ('52' , '536373' , '84406B' , '8' , '2.75' );
INSERT INTO invoice_items VALUES ('53' , '536373' , '20679' , '6' , '4.95' );
INSERT INTO invoice_items VALUES ('54' , '536373' , '37370' , '6' , '1.06' );
INSERT INTO invoice_items VALUES ('55' , '536373' , '21871' , '6' , '1.06' );
INSERT INTO invoice_items VALUES ('56' , '536373' , '21071' , '6' , '1.06' );
INSERT INTO invoice_items VALUES ('57' , '536373' , '21068' , '6' , '1.06' );
INSERT INTO invoice_items VALUES ('58' , '536373' , '82483' , '2' , '4.95' );
INSERT INTO invoice_items VALUES ('59' , '536373' , '82486' , '4' , '6.95' );
INSERT INTO invoice_items VALUES ('60' , '536373' , '82482' , '6' , '2.1' );
INSERT INTO invoice_items VALUES ('61' , '536373' , '82494L' , '6' , '2.55' );
INSERT INTO invoice_items VALUES ('62' , '536373' , '84029G' , '6' , '3.39' );
INSERT INTO invoice_items VALUES ('63' , '536373' , '84029E' , '6' , '3.39' );
INSERT INTO invoice_items VALUES ('64' , '536373' , '22752' , '2' , '7.65' );
INSERT INTO invoice_items VALUES ('65' , '536373' , '21730' , '6' , '4.25' );
INSERT INTO invoice_items VALUES ('66' , '536374' , '21258' , '32' , '10.95' );
INSERT INTO invoice_items VALUES ('67' , '536375' , '85123A' , '6' , '2.55' );
INSERT INTO invoice_items VALUES ('68' , '536375' , '71053' , '6' , '3.39' );
INSERT INTO invoice_items VALUES ('69' , '536375' , '84406B' , '8' , '2.75' );
INSERT INTO invoice_items VALUES ('70' , '536375' , '20679' , '6' , '4.95' );
INSERT INTO invoice_items VALUES ('71' , '536375' , '37370' , '6' , '1.06' );
INSERT INTO invoice_items VALUES ('72' , '536375' , '21871' , '6' , '1.06' );
INSERT INTO invoice_items VALUES ('73' , '536375' , '21071' , '6' , '1.06' );
INSERT INTO invoice_items VALUES ('74' , '536375' , '21068' , '6' , '1.06' );
INSERT INTO invoice_items VALUES ('75' , '536375' , '82483' , '2' , '4.95' );
INSERT INTO invoice_items VALUES ('76' , '536375' , '82486' , '4' , '6.95' );
INSERT INTO invoice_items VALUES ('77' , '536375' , '82482' , '6' , '2.1' );
INSERT INTO invoice_items VALUES ('78' , '536375' , '82494L' , '6' , '2.55' );
INSERT INTO invoice_items VALUES ('79' , '536375' , '84029G' , '6' , '3.39' );
INSERT INTO invoice_items VALUES ('80' , '536375' , '84029E' , '6' , '3.39' );
INSERT INTO invoice_items VALUES ('81' , '536375' , '22752' , '2' , '7.65' );
INSERT INTO invoice_items VALUES ('82' , '536375' , '21730' , '6' , '4.25' );
INSERT INTO invoice_items VALUES ('83' , '536376' , '22114' , '48' , '3.45' );
INSERT INTO invoice_items VALUES ('84' , '536376' , '21733' , '64' , '2.55' );
INSERT INTO invoice_items VALUES ('85' , '536377' , '22632' , '6' , '1.85' );
INSERT INTO invoice_items VALUES ('86' , '536377' , '22633' , '6' , '1.85' );
INSERT INTO invoice_items VALUES ('87' , '536378' , '22386' , '10' , '1.95' );
INSERT INTO invoice_items VALUES ('88' , '536378' , '85099C' , '10' , '1.95' );
INSERT INTO invoice_items VALUES ('89' , '536378' , '21033' , '10' , '2.95' );
INSERT INTO invoice_items VALUES ('90' , '536378' , '20723' , '10' , '0.85' );
INSERT INTO invoice_items VALUES ('91' , '536378' , '84997B' , '12' , '3.75' );
INSERT INTO invoice_items VALUES ('92' , '536378' , '84997C' , '6' , '3.75' );
INSERT INTO invoice_items VALUES ('93' , '536378' , '21094' , '12' , '0.85' );
INSERT INTO invoice_items VALUES ('94' , '536378' , '20725' , '10' , '1.65' );
INSERT INTO invoice_items VALUES ('95' , '536378' , '21559' , '6' , '2.55' );
INSERT INTO invoice_items VALUES ('96' , '536378' , '22352' , '6' , '2.55' );
INSERT INTO invoice_items VALUES ('97' , '536378' , '21212' , '120' , '0.42' );
INSERT INTO invoice_items VALUES ('98' , '536378' , '21975' , '24' , '0.55' );
INSERT INTO invoice_items VALUES ('99' , '536378' , '21977' , '24' , '0.55' );
INSERT INTO invoice_items VALUES ('100' , '536378' , '84991' , '24' , '0.55' );
INSERT INTO invoice_items VALUES ('101' , '536378' , '84519A' , '6' , '2.95' );
INSERT INTO invoice_items VALUES ('102' , '536378' , '85183B' , '48' , '1.25' );
INSERT INTO invoice_items VALUES ('103' , '536378' , '85071B' , '96' , '0.38' );
INSERT INTO invoice_items VALUES ('104' , '536378' , '21931' , '10' , '1.95' );
INSERT INTO invoice_items VALUES ('105' , '536378' , '21929' , '10' , '1.95' );
INSERT INTO invoice_items VALUES ('106' , '536380' , '22961' , '24' , '1.45' );
INSERT INTO invoice_items VALUES ('107' , '536381' , '22139' , '23' , '4.25' );
INSERT INTO invoice_items VALUES ('108' , '536381' , '84854' , '5' , '4.95' );
INSERT INTO invoice_items VALUES ('109' , '536381' , '22411' , '10' , '1.95' );
INSERT INTO invoice_items VALUES ('110' , '536381' , '82567' , '2' , '2.1' );
INSERT INTO invoice_items VALUES ('111' , '536381' , '21672' , '6' , '1.25' );
INSERT INTO invoice_items VALUES ('112' , '536381' , '22774' , '24' , '1.25' );
INSERT INTO invoice_items VALUES ('113' , '536381' , '22771' , '24' , '1.25' );
INSERT INTO invoice_items VALUES ('114' , '536381' , '71270' , '1' , '1.25' );
INSERT INTO invoice_items VALUES ('115' , '536381' , '22262' , '1' , '0.85' );
INSERT INTO invoice_items VALUES ('116' , '536381' , '22637' , '1' , '2.55' );
INSERT INTO invoice_items VALUES ('117' , '536381' , '21934' , '10' , '1.65' );
INSERT INTO invoice_items VALUES ('118' , '536381' , '21169' , '3' , '1.69' );
INSERT INTO invoice_items VALUES ('119' , '536381' , '21166' , '1' , '1.95' );
INSERT INTO invoice_items VALUES ('120' , '536381' , '21175' , '2' , '2.1' );
INSERT INTO invoice_items VALUES ('121' , '536381' , '37444A' , '1' , '2.95' );
INSERT INTO invoice_items VALUES ('122' , '536381' , '37444C' , '1' , '2.95' );
INSERT INTO invoice_items VALUES ('123' , '536381' , '22086' , '4' , '2.95' );
INSERT INTO invoice_items VALUES ('124' , '536381' , '22083' , '1' , '2.95' );
INSERT INTO invoice_items VALUES ('125' , '536381' , '84971S' , '6' , '0.85' );
INSERT INTO invoice_items VALUES ('126' , '536381' , '71270' , '3' , '1.25' );
INSERT INTO invoice_items VALUES ('127' , '536381' , '47580' , '2' , '2.55' );
INSERT INTO invoice_items VALUES ('128' , '536381' , '22261' , '1' , '0.85' );
INSERT INTO invoice_items VALUES ('129' , '536381' , '84832' , '1' , '0.85' );
INSERT INTO invoice_items VALUES ('130' , '536381' , '22644' , '1' , '1.45' );
INSERT INTO invoice_items VALUES ('131' , '536381' , '21533' , '1' , '4.95' );
INSERT INTO invoice_items VALUES ('132' , '536381' , '21557' , '2' , '2.95' );
INSERT INTO invoice_items VALUES ('133' , '536381' , '15056BL' , '2' , '5.95' );
INSERT INTO invoice_items VALUES ('134' , '536381' , '15056N' , '2' , '5.95' );
INSERT INTO invoice_items VALUES ('135' , '536381' , '22646' , '4' , '1.45' );
INSERT INTO invoice_items VALUES ('136' , '536381' , '22176' , '1' , '2.95' );
INSERT INTO invoice_items VALUES ('137' , '536381' , '22438' , '1' , '1.95' );
INSERT INTO invoice_items VALUES ('138' , '536381' , '21731' , '2' , '1.65' );
INSERT INTO invoice_items VALUES ('139' , '536381' , '22778' , '3' , '3.95' );
INSERT INTO invoice_items VALUES ('140' , '536381' , '22719' , '36' , '1.06' );
INSERT INTO invoice_items VALUES ('141' , '536381' , '21523' , '10' , '6.75' );
INSERT INTO invoice_items VALUES ('142' , 'C536379' , 'D' , '-1' , '27.5' );
INSERT INTO invoice_items VALUES ('143' , '536382' , '10002' , '12' , '0.85' );
INSERT INTO invoice_items VALUES ('144' , '536382' , '21912' , '8' , '3.75' );
INSERT INTO invoice_items VALUES ('145' , '536382' , '21832' , '12' , '1.65' );
INSERT INTO invoice_items VALUES ('146' , '536382' , '22411' , '10' , '1.95' );
INSERT INTO invoice_items VALUES ('147' , '536382' , '22379' , '10' , '2.1' );
INSERT INTO invoice_items VALUES ('148' , '536382' , '22381' , '50' , '1.85' );
INSERT INTO invoice_items VALUES ('149' , '536382' , '22798' , '8' , '2.95' );
INSERT INTO invoice_items VALUES ('150' , '536382' , '22726' , '4' , '3.75' );
INSERT INTO invoice_items VALUES ('151' , '536382' , '22926' , '12' , '5.95' );
INSERT INTO invoice_items VALUES ('152' , '536382' , '22839' , '2' , '14.95' );
INSERT INTO invoice_items VALUES ('153' , '536382' , '22838' , '2' , '14.95' );
INSERT INTO invoice_items VALUES ('154' , '536382' , '22783' , '4' , '16.95' );
INSERT INTO invoice_items VALUES ('155' , 'C536383' , '35004C' , '-1' , '4.65' );
INSERT INTO invoice_items VALUES ('156' , '536384' , '82484' , '3' , '6.45' );
INSERT INTO invoice_items VALUES ('157' , '536384' , '84755' , '48' , '0.65' );
INSERT INTO invoice_items VALUES ('158' , '536384' , '22464' , '12' , '1.65' );
INSERT INTO invoice_items VALUES ('159' , '536384' , '21324' , '6' , '2.95' );
INSERT INTO invoice_items VALUES ('160' , '536384' , '22457' , '12' , '2.95' );
INSERT INTO invoice_items VALUES ('161' , '536384' , '22469' , '40' , '1.45' );
INSERT INTO invoice_items VALUES ('162' , '536384' , '22470' , '40' , '2.55' );
INSERT INTO invoice_items VALUES ('163' , '536384' , '22224' , '6' , '2.95' );
INSERT INTO invoice_items VALUES ('164' , '536384' , '21340' , '2' , '12.75' );
INSERT INTO invoice_items VALUES ('165' , '536384' , '22189' , '4' , '3.95' );
INSERT INTO invoice_items VALUES ('166' , '536384' , '22427' , '3' , '5.95' );
INSERT INTO invoice_items VALUES ('167' , '536384' , '22428' , '6' , '6.95' );
INSERT INTO invoice_items VALUES ('168' , '536384' , '22424' , '8' , '10.95' );
INSERT INTO invoice_items VALUES ('169' , '536385' , '22783' , '1' , '19.95' );
INSERT INTO invoice_items VALUES ('170' , '536385' , '22961' , '12' , '1.45' );
INSERT INTO invoice_items VALUES ('171' , '536385' , '22960' , '6' , '4.25' );
INSERT INTO invoice_items VALUES ('172' , '536385' , '22663' , '10' , '1.95' );
INSERT INTO invoice_items VALUES ('173' , '536385' , '85049A' , '12' , '1.25' );
INSERT INTO invoice_items VALUES ('174' , '536385' , '22168' , '2' , '8.5' );
INSERT INTO invoice_items VALUES ('175' , '536385' , '22662' , '10' , '1.65' );
INSERT INTO invoice_items VALUES ('176' , '536386' , '84880' , '36' , '4.95' );
INSERT INTO invoice_items VALUES ('177' , '536386' , '85099C' , '100' , '1.65' );
INSERT INTO invoice_items VALUES ('178' , '536386' , '85099B' , '100' , '1.65' );
INSERT INTO invoice_items VALUES ('179' , '536387' , '79321' , '192' , '3.82' );
INSERT INTO invoice_items VALUES ('180' , '536387' , '22780' , '192' , '3.37' );
INSERT INTO invoice_items VALUES ('181' , '536387' , '22779' , '192' , '3.37' );
INSERT INTO invoice_items VALUES ('182' , '536387' , '22466' , '432' , '1.45' );
INSERT INTO invoice_items VALUES ('183' , '536387' , '21731' , '432' , '1.25' );
INSERT INTO invoice_items VALUES ('184' , '536388' , '21754' , '3' , '5.95' );
INSERT INTO invoice_items VALUES ('185' , '536388' , '21755' , '3' , '5.95' );
INSERT INTO invoice_items VALUES ('186' , '536388' , '21523' , '2' , '7.95' );
INSERT INTO invoice_items VALUES ('187' , '536388' , '21363' , '3' , '4.95' );
INSERT INTO invoice_items VALUES ('188' , '536388' , '21411' , '3' , '4.25' );
INSERT INTO invoice_items VALUES ('189' , '536388' , '22318' , '6' , '2.95' );
INSERT INTO invoice_items VALUES ('190' , '536388' , '22464' , '12' , '1.65' );
INSERT INTO invoice_items VALUES ('191' , '536388' , '22915' , '12' , '0.42' );
INSERT INTO invoice_items VALUES ('192' , '536388' , '22922' , '12' , '0.85' );
INSERT INTO invoice_items VALUES ('193' , '536388' , '22969' , '12' , '1.45' );
INSERT INTO invoice_items VALUES ('194' , '536388' , '22923' , '12' , '0.85' );
INSERT INTO invoice_items VALUES ('195' , '536388' , '21115' , '4' , '6.75' );
INSERT INTO invoice_items VALUES ('196' , '536388' , '22469' , '12' , '1.65' );
INSERT INTO invoice_items VALUES ('197' , '536388' , '22242' , '12' , '1.65' );
INSERT INTO invoice_items VALUES ('198' , '536389' , '22941' , '6' , '8.5' );
INSERT INTO invoice_items VALUES ('199' , '536389' , '21622' , '8' , '4.95' );
INSERT INTO invoice_items VALUES ('200' , '536389' , '21791' , '12' , '1.25' );
