id_titulo,id_persona
1,20738
3,18819
6,26077
7,31938
7,18457
8,13616
9,2548
10,37302
12,20853
13,7235
14,5613
17,29598
17,28780
19,401
21,28520
23,19116
24,1358
24,35660
25,32829
27,30779
28,9390
29,33919
30,31988
31,3708
31,239
31,33008
36,8462
37,8060
39,12756
42,35953
43,16480
44,17395
45,18307
46,38368
47,8374
48,5698
49,3104
52,38107
53,38107
54,38107
55,38107
57,24634
58,13626
59,24634
60,13626
61,24634
62,14402
63,38112
64,37108
65,9093
69,13810
69,38669
69,25838
72,8781
74,20006
76,4497
78,30223
79,9299
80,9299
81,37868
82,6366
85,15388
85,12312
87,37388
89,23871
91,1614
92,26597
92,29159
94,1459
95,30716
97,35795
102,6542
102,23153
103,16189
104,40026
106,22151
108,9102
111,22854
111,16306
113,33543
114,35791
115,30670
116,16007
117,27036
118,22953
119,34418
120,15390
123,16007
127,38919
128,24295
129,12938
130,21447
131,33912
132,31714
134,27558
135,29957
136,31366
137,3071
138,35110
139,21447
140,35594
141,34044
142,35920
143,31585
144,24424
145,31277
146,12743
146,10048
147,11169
149,12834
150,25706
151,25780
152,2436
152,1022
153,5332
156,17161
157,12574
158,8562
159,38249
160,28911
162,37503
163,31277
164,9100
165,20686
167,34208
168,24907
168,37701
169,5061
169,29719
170,39708
171,29816
172,25563
173,31591
174,2111
175,3104
176,30914
177,25772
178,15348
179,11482
179,34247
180,37821
181,29809
183,23485
184,39708
186,6542
186,23153
189,30889
189,40861
191,34458
192,37029
193,32911
196,33786
197,24320
199,20006
200,29064
201,33514
202,2716
202,3211
203,33437
204,38476
205,32911
206,8856
207,9655
208,3267
209,26160
210,26160
211,29549
212,4748
215,23299
216,3267
217,30708
217,20934
218,26160
222,18411
223,5144
224,24985
224,36978
228,2604
229,32209
230,7326
231,32637
232,9002
234,24268
236,8007
237,31020
238,31020
239,31020
240,31020
241,13729
245,19441
247,40079
248,5340
250,8764
251,38780
252,10093
253,26002
254,23599
256,25641
257,38115
258,23599
259,1596
260,28776
262,5613
263,21472
265,35849
268,16007
269,26731
271,11845
274,18547
277,15053
279,18881
280,35963
282,6598
283,18882
284,33128
285,39024
286,18091
288,33016
291,12029
293,10177
294,621
295,14315
296,30465
298,4401
298,30349
298,19507
298,38706
298,19509
298,3567
298,31020
298,33702
298,12616
299,19812
300,18989
301,20723
301,5213
302,32256
303,6343
303,22780
304,1151
305,21481
306,23800
307,15326
308,29837
309,36367
311,4878
315,15836
316,6918
317,14547
318,20991
319,11465
319,25787
326,5390
327,32142
328,32051
329,37702
330,35953
331,29892
331,7374
333,31366
334,17711
335,18993
336,17461
338,24249
340,23257
340,14546
341,7379
342,29433
343,27703
344,14524
345,14524
346,8874
347,8894
348,18204
349,40574
350,12558
351,7651
352,38208
353,19961
354,37758
355,38047
356,5150
357,36531
358,5144
359,15116
360,35594
361,12521
363,20094
364,16281
366,27065
368,34130
372,27065
373,19902
374,8833
375,25915
376,35957
378,8428
379,22630
381,13071
384,30843
385,8812
388,21616
389,32540
389,31489
390,40457
393,30447
394,7614
395,26880
396,23858
397,29825
399,20584
403,3855
406,35001
407,30774
408,30774
409,30774
410,30774
411,30774
412,30774
413,30774
414,30774
415,30774
416,30774
417,30774
418,4913
419,3479
419,34950
420,30774
421,30774
422,30774
422,28745
423,30774
424,30774
425,30774
427,842
427,5451
428,23371
429,21205
430,34279
433,17566
433,2432
433,12126
434,26698
437,179
438,10413
439,19689
440,35184
440,17036
440,3256
440,37237
440,491
442,21830
444,22869
445,12511
446,35281
447,7742
448,4811
449,4811
450,9050
451,7171
452,6301
453,13593
455,37888
456,12222
458,25146
459,1223
461,3593
461,7056
462,986
463,37755
464,32063
464,28943
465,27426
468,23683
469,31471
470,34133
472,909
472,267
474,39133
475,27981
476,8460
477,18981
480,21830
481,11829
482,10056
485,20535
486,3925
487,16831
487,20286
490,751
492,13683
493,33917
495,4272
496,37723
497,5903
499,29084
501,28412
502,34279
503,23350
504,15985
506,3215
506,26864
507,7298
508,38438
509,40042
519,13854
529,30796
529,13904
530,40254
532,33812
532,27899
532,23098
535,30960
542,30228
543,27189
551,21830
552,39083
553,27589
555,30882
556,5098
557,20612
558,25806
558,29815
559,11291
560,39708
561,24821
562,16356
563,16356
564,16356
565,29433
567,25167
568,12159
569,27703
570,38880
571,7037
573,17498
574,17828
574,24282
575,16707
576,13280
577,12527
578,23509
579,31872
580,24422
581,34921
582,29440
583,12521
584,15280
585,17494
586,7517
587,24547
588,34996
588,295
588,9602
588,14841
588,16194
590,38196
592,12409
593,17154
594,7111
595,15368
596,31875
597,23057
598,383
599,3113
600,32087
601,8879
602,17680
603,17680
604,17680
605,1030
606,39310
607,35781
608,5632
609,29878
610,12018
611,21860
612,26919
612,4957
613,29241
614,32002
615,39065
616,13338
617,24538
619,24838
620,15729
622,34635
623,24763
624,18250
625,15714
627,17654
630,4097
631,2406
633,27641
634,35293
635,2738
636,4162
637,18041
638,35615
638,38703
638,239
644,19033
645,20666
646,38413
647,23654
650,3215
651,16394
652,20683
653,20683
655,7977
656,7977
657,7977
665,11888
667,15269
671,40212
671,40193
672,40212
672,40193
673,40212
677,31886
682,35077
684,25965
686,29444
688,19509
689,19812
690,40212
690,40193
691,19902
693,14547
694,22796
695,35558
696,35558
699,3109
702,24052
703,8994
705,287
706,25034
708,33680
709,31474
712,29705
713,25692
717,12102
719,8464
722,26085
723,9098
724,25796
725,16870
727,17402
727,5588
728,14751
728,34499
729,5179
736,30194
737,23620
738,16350
740,7040
741,25818
742,21393
743,4201
743,27091
744,24288
746,36926
747,24288
748,20094
751,40381
753,24320
755,24878
757,32008
758,18027
759,1755
760,12735
761,12735
763,21741
765,16373
766,8346
767,1272
769,14170
770,1150
770,18610
771,26905
772,6859
774,30584
775,21355
776,27821
777,21969
778,10728
778,25231
780,32205
782,29729
783,21360
784,21654
785,37337
787,9933
788,2489
789,13892
791,2428
792,31448
793,31883
794,2577
795,36616
797,33918
798,17010
799,37305
800,7651
801,3870
802,25665
803,15848
804,36734
805,25937
807,14320
808,14320
809,9933
810,37696
811,39310
812,35838
813,9898
815,1008
816,26042
817,36515
818,22568
819,4245
820,7651
822,25847
823,10979
824,29743
825,12758
827,5011
828,10509
829,8883
830,20253
832,18452
832,23749
833,12561
835,18863
837,29553
839,28792
840,35558
841,22013
842,31094
845,8480
846,35866
847,37522
851,39158
854,40530
857,38440
859,26463
860,2051
861,7327
862,30223
864,32024
865,26160
866,8798
867,11329
867,14777
868,15850
871,15865
872,19132
873,15363
874,27914
876,23245
878,30277
879,6363
880,8433
882,9998
883,5300
886,21853
887,38558
888,8448
890,17479
892,24923
893,505
894,586
895,9003
896,1436
898,5786
899,33332
900,30875
902,36471
904,24457
905,4211
906,40645
907,40486
908,34444
910,15270
911,3068
912,38958
914,35659
915,16649
916,18721
917,27879
918,9916
918,34592
920,18420
923,10163
925,33979
927,39234
929,32018
930,32193
931,37696
932,9167
933,29336
934,21447
935,19018
936,11140
936,37799
936,7799
938,36118
939,36118
940,36118
941,36118
942,36118
943,7651
944,16549
945,6579
946,35699
947,32267
948,20272
949,2804
950,7093
951,29744
952,32217
953,18066
954,7909
955,30024
955,27120
956,2401
957,20311
959,38115
960,6461
961,28639
962,26117
962,16542
963,17581
965,32016
965,34468
967,29575
970,17852
971,18061
972,23980
974,33492
975,34071
977,28751
978,25377
979,13633
980,34129
980,4936
981,34129
982,40882
983,40942
984,1469
985,5701
986,21234
987,21234
988,31771
989,20852
990,4389
991,13633
992,24525
993,23103
993,8160
995,19812
996,40486
996,40882
997,36686
1000,17452
1001,686
1002,8018
1003,12827
1007,36118
1008,36118
1009,36118
1010,966
1010,36192
1014,17752
1016,10423
1017,236
1018,20702
1019,136
1020,3691
1021,33775
1022,3218
1022,23353
1023,48
1024,34510
1024,30706
1024,27498
1024,19815
1025,32707
1027,6263
1028,13428
1030,37978
1031,23245
1032,35683
1034,32324
1035,18996
1035,91
1036,27919
1037,24221
1037,4456
1038,36912
1040,36603
1042,19888
1042,39992
1043,13086
1047,25577
1051,32804
1053,29433
1054,28603
1055,586
1056,22901
1067,6801
1068,29104
1070,5677
1071,12259
1072,36118
1073,36118
1074,36118
1075,36118
1076,26767
1076,6196
1076,9279
1076,11635
1076,14334
1076,6874
1076,10527
1077,36118
1078,36118
1079,36118
1081,40683
1084,15914
1086,28992
1087,8656
1088,13854
1089,4452
1090,38174
1090,24429
1091,2664
1097,35898
1098,34365
1099,23238
1100,11038
1101,5172
1102,5818
1103,35894
1104,39811
1105,39024
1106,31702
1107,29191
1107,29330
1108,4107
1109,27200
1110,3269
1110,3295
1111,36548
1112,27732
1113,1361
1114,32267
1115,30784
1116,30759
1118,22249
1119,15894
1120,8904
1121,36717
1122,31988
1123,36048
1125,31773
1127,12732
1129,38008
1131,14320
1132,14320
1133,14320
1134,9933
1135,34747
1135,24653
1136,17745
1137,13831
1137,28910
1138,4303
1139,32297
1140,27578
1141,25500
1142,4401
1143,34566
1145,29860
1146,18751
1147,603
1148,18248
1151,18103
1152,4970
1154,18999
1155,17706
1156,27014
1157,32299
1160,11854
1161,26091
1163,11558
1165,11867
1166,38475
1168,24686
1171,1209
1172,1569
1173,19158
1174,18951
1176,35781
1177,36724
1178,5526
1179,9754
1184,36719
1185,22090
1186,6914
1188,2847
1189,39168
1190,38256
1191,22121
1192,23636
1192,16345
1193,11689
1194,586
1195,39318
1196,7156
1197,994
1198,36972
1199,21264
1200,28459
1203,14194
1204,35953
1205,37021
1208,14172
1209,26807
1210,9858
1212,23380
1213,5927
1215,22853
1216,20183
1217,11300
1219,26005
1220,37720
1221,28778
1222,26509
1223,20282
1223,24897
1224,2597
1224,27799
1229,13035
1231,13677
1233,6067
1234,19812
1235,24042
1237,18819
1238,11655
1240,37012
1241,21447
1242,2110
1243,16107
1243,38381
1244,26059
1245,265
1247,36270
1248,14320
1249,11012
1250,39794
1250,23763
1251,26210
1252,20221
1253,23841
1254,2408
1254,20017
1255,4272
1256,14320
1257,22113
1259,19069
1259,4500
1260,24829
1261,8329
1262,28798
1264,17669
1265,16922
1266,31446
1267,28798
1268,4211
1270,31845
1274,34928
1277,16496
1279,38256
1280,4260
1281,9071
1281,4478
1282,37628
1284,15894
1285,15894
1287,14563
1289,7171
1290,33703
1291,15341
1292,20372
1293,22856
1294,37263
1294,4099
1294,27030
1294,33484
1296,30266
1298,1321
1304,14751
1305,4497
1306,38981
1308,8186
1310,8226
1312,13706
1313,14475
1316,24126
1317,39011
1319,25622
1320,11137
1323,7531
1324,26674
1325,3910
1326,995
1327,11921
1328,3910
1329,17402
1330,18822
1331,5345
1334,37696
1335,14212
1337,25153
1338,26745
1341,18288
1342,33142
1343,17296
1344,25971
1345,32123
1346,13453
1347,15980
1348,11349
1352,28259
1354,9390
1358,33605
1359,24462
1360,32209
1361,31497
1365,17942
1367,23843
1368,13341
1369,22492
1370,18639
1371,35106
1373,28251
1375,16795
1377,16738
1379,13072
1380,28384
1382,14843
1383,7082
1387,40843
1388,29342
1389,30866
1390,27777
1391,27741
1392,30485
1394,7823
1397,12543
1398,15355
1399,8696
1400,23020
1400,12979
1404,7960
1406,26047
1407,11140
1407,35083
1408,5738
1410,29718
1411,31370
1412,32482
1413,36233
1414,13831
1415,6571
1415,4160
1416,15887
1417,37488
1418,12121
1419,7147
1420,18829
1421,35661
1422,28521
1422,40862
1423,30219
1424,32244
1425,32491
1427,30219
1429,32246
1433,23414
1434,16271
1435,11192
1435,40863
1436,20879
1437,1173
1437,30869
1439,12013
1442,35309
1445,12409
1446,13684
1447,16548
1448,7191
1451,32039
1452,16512
1453,32325
1454,5414
1455,16543
1457,33988
1459,24270
1460,25308
1462,9945
1464,37993
1465,16647
1465,37678
1468,16282
1469,20487
1470,21447
1471,34581
1473,33233
1475,3325
1476,32887
1480,7886
1482,22135
1485,3475
1485,37587
1486,13190
1487,970
1487,1605
1489,25156
1491,31645
1492,38994
1494,30315
1495,32024
1496,2285
1497,39890
1498,6334
1499,17770
1499,16803
1500,12730
1501,22427
1502,32217
1503,20963
1505,8116
1505,35980
1508,16333
1510,29321
1511,15809
1512,26797
1513,37393
1514,17794
1516,33148
1518,12724
1520,39965
1521,36071
1521,38937
1521,12616
1521,38805
1522,39965
1523,39965
1524,18543
1525,22239
1526,27437
1527,3109
1530,15390
1531,1476
1532,11709
1533,2487
1533,29596
1534,29998
1535,18898
1537,5160
1538,21674
1541,37765
1542,10733
1542,16929
1543,39113
1545,26305
1550,11697
1551,34536
1557,10324
1558,12150
1559,15771
1559,11896
1561,32740
1562,13018
1564,9250
1565,21271
1566,37301
1567,23245
1568,18898
1569,18898
1572,36519
1576,18423
1577,20730
1581,4664
1581,1710
1581,20325
1582,35838
1583,17706
1585,36972
1587,15717
1588,36029
1588,7423
1588,22436
1589,7649
1592,11225
1592,20292
1593,9500
1596,8879
1598,1889
1599,16227
1600,23737
1601,8680
1602,32077
1603,8121
1605,3847
1607,2902
1609,25167
1610,8219
1611,32324
1613,17942
1614,31588
1617,12919
1618,29880
1621,30029
1622,35110
1625,32324
1627,5375
1630,9467
1631,24344
1632,16600
1633,4631
1634,5417
1636,35660
1636,1358
1637,28436
1638,40838
1643,22835
1644,21671
1645,4267
1646,5429
1647,24900
1648,6334
1649,11131
1651,29321
1652,7065
1653,38565
1654,38565
1655,4107
1656,13308
1656,36600
1657,32324
1658,6083
1660,24791
1661,13268
1663,26503
1664,9190
1665,32024
1666,38860
1667,35766
1670,39545
1670,25635
1672,26627
1674,3212
1675,34995
1676,8557
1677,38814
1678,6334
1679,3212
1680,32256
1681,31446
1682,26119
1683,6334
1684,34949
1686,36711
1687,21999
1690,16533
1691,32858
1691,8230
1692,19015
1695,7685
1695,20920
1696,19015
1700,25588
1701,8226
1703,3938
1704,8862
1705,31340
1706,10370
1707,24709
1708,6334
1710,29421
1711,32704
1713,3211
1714,22752
1715,27578
1716,5999
1721,38459
1722,35918
1722,18709
1726,21096
1728,39434
1729,860
1729,17948
1729,18253
1730,20295
1732,28712
1733,3109
1734,1158
1735,25081
1736,32593
1737,24475
1740,19015
1742,27188
1743,15998
1744,36984
1745,11357
1748,40608
1748,7332
1750,25674
1752,6484
1753,6484
1754,16705
1762,31555
1763,29692
1764,27803
1765,28459
1768,15355
1769,7331
1771,34536
1772,18763
1773,13850
1775,35629
1776,31313
1777,38065
1778,37164
1781,28518
1784,33494
1785,12210
1786,17853
1787,3150
1788,27987
1789,4287
1790,15888
1793,24951
1794,27299
1795,6509
1795,6780
1796,30786
1797,21349
1798,38497
1799,12912
1801,37320
1801,1074
1802,13069
1803,7155
1806,20422
1806,29585
1807,16103
1808,8293
1809,7085
1810,6334
1811,20568
1812,19410
1813,37535
1815,4510
1816,31645
1817,9933
1818,24364
1819,29941
1820,1976
1821,29941
1822,29941
1823,24364
1824,30903
1825,8410
1826,30911
1827,24364
1828,29941
1830,40717
1831,34311
1832,24364
1833,18260
1834,33117
1834,7058
1836,32474
1837,8779
1837,25672
1839,37423
1841,23654
1843,99
1844,22022
1845,30549
1846,33144
1847,29783
1850,13831
1851,21446
1854,29540
1854,967
1856,20261
1856,29826
1857,6195
1858,6076
1859,20022
1860,4970
1862,15006
1863,4096
1864,13963
1866,27504
1867,30786
1868,1321
1870,30378
1871,25377
1873,30569
1875,4782
1875,19071
1877,10394
1880,35849
1881,29532
1882,26073
1883,12115
1884,17957
1885,7380
1887,1063
1887,18116
1887,19930
1888,2119
1889,38485
1892,38486
1893,1358
1893,35660
1897,20094
1898,36084
1899,9874
1900,5701
1901,28749
1902,33084
1903,562
1904,5166
1905,10779
1905,31572
1906,5973
1910,12558
1912,319
1913,36650
1914,22313
1914,3445
1917,8947
1920,26740
1921,11707
1922,32145
1925,35630
1927,16723
1928,12021
1931,37845
1932,17443
1935,21697
1936,28839
1937,8185
1938,21697
1939,30727
1940,239
1941,32256
1942,20022
1943,239
1944,14963
1945,15006
1946,27406
1947,2584
1951,31738
1954,28751
1958,34561
1960,13927
1961,18417
1961,31181
1963,35495
1964,28208
1965,34688
1966,34688
1966,38289
1967,34688
1967,38289
1968,40307
1969,34688
1970,34688
1971,24523
1972,35234
1973,30714
1975,37472
1976,907
1977,30751
1978,1055
1982,6495
1983,34096
1985,12013
1986,12529
1987,34096
1988,25401
1993,21053
1996,3144
1997,6016
1998,15896
1999,29939
2000,28849
2001,7101
2002,29814
2004,30716
2005,35843
2006,38113
2008,16298
2011,9155
2012,31303
2015,34535
2016,33751
2017,225
2018,23335
2019,23335
2020,30220
2021,23616
2023,20111
2024,23444
2025,13633
2026,38953
2027,33242
2028,20141
2028,1898
2029,738
2030,25167
2031,3311
2032,25154
2034,29637
2035,23859
2036,16534
2037,6984
2039,30098
2039,15866
2040,37716
2042,9110
2044,29906
2046,6629
2047,16373
2049,132
2050,3109
2051,18965
2051,32582
2052,11307
2053,24307
2056,11804
2057,37407
2058,27622
2060,4187
2061,8293
2062,7795
2066,4047
2068,14428
2072,7122
2073,33941
2075,135
2076,10161
2077,8260
2077,29680
2077,24845
2078,12089
2080,30716
2081,13312
2082,24314
2082,37694
2083,34387
2084,16928
2085,5322
2088,7148
2088,23719
2089,8887
2091,8983
2092,22005
2093,8057
2095,15151
2096,27361
2101,39408
2104,3820
2105,4624
2108,38229
2109,14482
2111,20355
2112,34044
2115,30223
2116,12233
2117,28076
2118,33288
2120,6459
2121,37781
2122,34186
2127,3691
2129,2899
2130,7876
2131,11684
2132,4970
2133,14235
2133,3389
2138,31210
2139,3144
2140,3144
2142,34459
2143,31875
2144,38393
2147,38843
2148,21096
2150,23748
2151,12194
2155,35946
2156,31645
2160,21518
2162,24511
2164,12131
2165,29083
2167,35660
2167,1358
2168,33796
2170,20963
2172,26069
2173,8693
2177,26085
2178,35838
2180,18306
2183,25470
2184,7728
2186,31275
2186,28014
2187,14469
2188,19745
2188,31389
2189,3381
2192,40829
2194,38753
2195,28183
2196,2698
2197,25981
2198,24746
2199,15986
2200,36096
2201,29420
2203,4463
2205,12439
2206,37064
2207,4734
2208,37983
2208,33869
2209,13308
2209,36600
2210,38064
2211,11880
2212,40354
2214,39024
2215,1285
2216,773
2217,34968
2220,22351
2220,11691
2221,39668
2222,8769
2222,12241
2225,9347
2229,22003
2229,6340
2232,37707
2232,38317
2233,29821
2234,3960
2235,26731
2240,8442
2241,35691
2243,14050
2244,36026
2245,2514
2245,17563
2246,6265
2248,2068
2249,36093
2251,12968
2252,39743
2253,12312
2257,5658
2258,7975
2258,19396
2260,13783
2261,7145
2261,21170
2262,33928
2263,7819
2263,6901
2264,30415
2265,32908
2266,30386
2267,39143
2268,3212
2268,9655
2268,19380
2268,40777
2269,3037
2270,35564
2271,8856
2272,12317
2273,28049
2274,20924
2275,19137
2276,30563
2277,36084
2278,34839
2279,28598
2280,31446
2281,33751
2282,38480
2283,9522
2284,36683
2285,34909
2286,134
2286,24697
2287,23012
2288,38972
2289,4401
2290,27501
2291,51
2292,13468
2295,21243
2296,30816
2297,30966
2301,34780
2303,11598
2303,17320
2305,32862
2305,2883
2308,21217
2309,33083
2310,6399
2311,4260
2312,5561
2313,6399
2315,24923
2316,25610
2317,1766
2317,31918
2318,29437
2320,40243
2322,38256
2324,28329
2325,30816
2326,8372
2327,228
2329,30525
2331,8858
2333,28540
2334,10398
2337,228
2339,31067
2340,35479
2341,35479
2342,5101
2342,17985
2343,3226
2345,12577
2346,11175
2348,26875
2349,15208
2351,19600
2351,21502
2352,914
2354,3281
2355,40254
2357,10628
2359,13410
2361,28751
2362,40254
2364,28509
2365,18960
2365,37940
2366,40254
2367,40254
2368,40254
2369,40254
2370,40254
2371,28779
2372,10398
2373,23564
2374,40254
2375,12778
2376,40254
2377,40254
2378,29760
2380,17162
2381,28814
2382,28329
2383,13303
2386,18571
2387,562
2388,15208
2390,11
2392,11655
2392,30000
2393,27666
2394,35594
2398,25715
2399,20763
2403,1535
2404,4013
2406,31886
2408,12736
2411,28992
2412,32691
2413,4213
2413,37864
2414,915
2414,2253
2415,19324
2417,25582
2419,26478
2420,574
2421,3212
2422,26731
2424,29897
2425,28520
2428,2267
2429,26849
2430,738
2431,13347
2432,33164
2434,39264
2435,14981
2436,39264
2437,708
2438,33247
2439,20355
2440,39265
2442,15324
2443,34655
2444,39961
2446,32943
2447,37857
2449,13757
2452,23546
2455,15793
2456,27637
2457,25595
2458,758
2459,2680
2461,40254
2464,760
2465,760
2466,1162
2468,11879
2469,23180
2470,40292
2471,16930
2472,18373
2472,4578
2475,2664
2476,30960
2478,30882
2479,14388
2479,40208
2479,924
2480,25794
2481,28219
2481,12547
2481,26123
2481,17789
2481,31897
2482,30816
2483,1767
2484,12053
2485,12054
2486,2524
2488,33271
2489,14658
2490,14658
2491,14009
2492,14514
2493,26798
2493,13835
2494,22545
2495,1350
2495,33191
2497,31186
2498,3910
2499,6068
2501,25235
2502,32937
2503,34655
2504,708
2505,1558
2506,693
2507,693
2508,23885
2510,39264
2511,1558
2512,13615
2513,39265
2514,10509
2517,26517
2521,22786
2522,21498
2523,40717
2528,35201
2532,11655
2532,30000
2533,11655
2533,30000
2534,33080
2535,26550
2536,28327
2537,18882
2538,451
2539,32919
2540,10218
2541,38393
2542,14654
2544,7519
2545,39111
2546,30786
2548,9976
2550,39532
2551,12087
2554,8211
2554,14511
2554,21625
2554,1031
2556,32830
2557,13689
2558,14087
2559,30960
2560,27000
2561,29583
2562,17414
2563,106
2564,22748
2565,3670
2566,14284
2567,1335
2568,11867
2571,34536
2572,34233
2573,34536
2574,5324
2577,17459
2578,25924
2579,28507
2580,1358
2580,35660
2582,16575
2583,11140
2583,37799
2585,7926
2588,34779
2590,26910
2592,1615
2593,5061
2593,29719
2594,17550
2595,17550
2596,17550
2597,9383
2598,25695
2602,5613
2603,35161
2604,8840
2604,6775
2605,7047
2606,40486
2608,28592
2611,33676
2613,26807
2613,36583
2614,34230
2615,756
2615,14077
2616,13750
2617,21234
2618,11905
2619,4389
2620,3679
2621,40486
2622,40486
2623,29385
2624,738
2625,24707
2626,14963
2627,18015
2630,38754
2631,20355
2633,24462
2634,2047
2635,25893
2636,749
2637,736
2638,26499
2639,738
2643,6465
2645,27608
2647,38503
2648,38503
2650,13831
2651,40175
2653,30538
2654,29257
2655,28076
2656,23756
2657,20920
2660,32748
2664,2998
2668,26941
2669,18819
2672,8082
2673,13279
2674,11880
2675,22009
2676,592
2676,28721
2678,11386
2678,17485
2679,17965
2680,9699
2681,14754
2682,1573
2683,9712
2684,10828
2686,20907
2687,24783
2688,38065
2689,28592
2691,16504
2694,9154
2695,13247
2695,25255
2696,16339
2697,35690
2698,1047
2701,29649
2702,23088
2703,7146
2704,10318
2705,33943
2706,28838
2707,40181
2708,31448
2710,25607
2712,28799
2712,22854
2713,3448
2714,941
2715,13972
2716,26820
2717,19384
2718,30774
2720,8805
2720,17981
2721,36948
2722,30859
2723,23329
2724,30702
2725,30380
2726,23329
2727,39083
2729,34510
2730,35315
2731,19380
2732,19380
2733,27930
2734,34361
2735,19380
2736,38972
2738,30774
2738,2724
2738,1699
2739,30221
2742,2225
2745,31520
2745,19502
2746,12015
2748,31371
2750,12278
2751,31074
2753,38959
2755,8920
2756,35812
2757,30807
2758,33131
2759,12564
2761,9483
2763,26085
2764,36600
2764,13308
2767,27503
2769,29131
2770,10725
2770,14753
2771,37694
2771,24314
2772,30304
2774,40791
2776,27432
2777,24351
2779,85
2781,36782
2782,40817
2782,9006
2783,30864
2787,12125
2790,12395
2796,11148
2796,31171
2797,12095
2799,17833
2800,36708
2800,40210
2801,23509
2802,36385
2804,24631
2806,30021
2807,16547
2810,33856
2811,27089
2812,17550
2813,17550
2814,23055
2815,17550
2816,27421
2818,35755
2820,28741
2821,35752
2822,20584
2823,22451
2824,25258
2829,18245
2830,23057
2831,34482
2832,38123
2833,621
2834,32581
2835,7317
2836,35661
2837,29692
2838,8354
2840,35866
2841,38242
2843,20766
2844,7967
2845,34018
2845,30862
2846,7967
2847,6082
2848,311
2848,40506
2849,22748
2850,23885
2851,3781
2852,40794
2853,23235
2854,26209
2857,35250
2859,26594
2860,24915
2861,24462
2862,21746
2863,40721
2864,29433
2865,13494
2866,39855
2867,33111
2868,5322
2874,38242
2877,21092
2877,26752
2878,1543
2878,25454
2878,11707
2878,26500
2878,11647
2879,37721
2880,39318
2882,8442
2883,28076
2885,28748
2886,34279
2887,16224
2888,31948
2890,38167
2891,25973
2896,28191
2897,16493
2898,9236
2899,35476
2900,22278
2902,37732
2904,2647
2905,30475
2906,28816
2907,38113
2908,29694
2909,16258
2910,3924
2912,31617
2912,39521
2913,32141
2914,25880
2915,28446
2916,5430
2917,3691
2919,6598
2920,36690
2920,32806
2920,23462
2924,28927
2924,6732
2925,29362
2925,3235
2926,25622
2929,4578
2929,18373
2930,2377
2931,2285
2933,2402
2934,21437
2935,22932
2936,34391
2937,21127
2940,16499
2941,21070
2944,16111
2947,3899
2947,2966
2948,15741
2949,18719
2949,16636
2950,27318
2950,325
2951,15286
2952,31981
2953,13335
2955,16493
2956,1488
2957,39795
2958,35479
2961,31549
2962,1484
2963,37343
2964,11314
2969,12339
2970,35479
2971,14330
2973,16437
2974,28540
2976,21346
2979,34429
2982,8996
2986,30858
2987,13677
2988,39113
2988,869
2989,18387
2989,18418
2990,7445
2991,17869
2996,8077
2997,1272
3000,30445
3003,28809
3003,18598
3004,21020
3005,23204
3007,9188
3008,8961
3009,35281
3010,38386
3015,6236
3017,37519
3018,28272
3019,5374
3020,40208
3022,8574
3023,31756
3024,28820
3026,2416
3027,39609
3028,8810
3028,8090
3030,29257
3032,35848
3033,26144
3037,35564
3039,37772
3042,9933
3044,8960
3045,23982
3047,40067
3049,26550
3052,10433
3055,38576
3058,24195
3058,21219
3059,24195
3059,11097
3060,24195
3061,3212
3061,9655
3061,19380
3061,40777
3062,25796
3063,17583
3065,22748
3068,19048
3069,13428
3070,37202
3071,10433
3073,17747
3074,35897
3078,31046
3079,35566
3081,17980
3082,5578
3090,40356
3091,2480
3092,10940
3094,28352
3095,10602
3097,21797
3098,38008
3099,950
3099,28127
3100,32336
3101,9933
3102,34828
3102,13411
3103,15363
3105,29635
3106,31436
3108,8963
3110,22670
3111,36260
3113,28592
3114,11657
3115,12166
3116,28592
3117,11885
3119,32179
3122,24265
3124,34011
3125,28270
3125,36524
3125,30640
3125,32113
3125,13133
3125,26286
3125,36868
3125,23376
3125,185
3125,20943
3125,36526
3126,37781
3127,19376
3131,28329
3132,11699
3133,40777
3134,11699
3135,11699
3136,26776
3137,236
3138,38284
3139,11867
3140,31240
3141,15601
3142,38952
3143,11699
3144,40777
3145,34780
3146,244
3148,31240
3150,40777
3151,25533
3152,32002
3153,5698
3154,28592
3155,4927
3156,9785
3157,32002
3158,31652
3159,34835
3160,33247
3161,21347
3162,31901
3163,38203
3164,36131
3165,1437
3167,4107
3168,29083
3170,28085
3171,3797
3172,11123
3175,25899
3176,31977
3176,36720
3179,28592
3180,28592
3181,17814
3187,22283
3189,25930
3190,38951
3191,24832
3192,26143
3194,28918
3195,34185
3196,27404
3198,12590
3199,15626
3201,36821
3202,26816
3203,36556
3203,27562
3204,38300
3206,22856
3206,14854
3207,249
3208,24744
3210,26731
3211,19073
3212,23580
3214,26075
3215,6827
3216,32227
3218,37707
3219,21999
3224,10432
3225,4300
3226,30223
3227,10713
3227,19665
3228,24462
3229,34233
3230,35838
3234,33479
3235,24395
3235,32413
3236,31448
3238,18813
3240,38284
3245,27318
3245,325
3249,26643
3251,11466
3252,19123
3254,18551
3255,30710
3257,35891
3260,37568
3261,31896
3262,33605
3263,10574
3265,39401
3266,1224
3267,25006
3268,3418
3269,34513
3269,33283
3273,27158
3274,34215
3279,38634
3281,23464
3286,12617
3290,7404
3291,37765
3293,18321
3297,22971
3298,39790
3300,29550
3301,29960
3303,40671
3304,22748
3306,27468
3308,4063
3309,18932
3310,21999
3312,24782
3313,29062
3316,33796
3318,33796
3319,33898
3320,31116
3320,35994
3321,35791
3322,17444
3323,39024
3324,11132
3325,39528
3327,24112
3330,20108
3332,13990
3333,15776
3335,36948
3336,10097
3336,40532
3338,11291
3339,25511
3344,5001
3347,23654
3348,8980
3349,23821
3350,11533
3354,32172
3354,12367
3355,18622
3357,8099
3359,29009
3360,33677
3363,5429
3366,11533
3367,24799
3372,28751
3373,7918
3375,4893
3377,25808
3380,40554
3381,25809
3384,2471
3385,13067
3385,12628
3387,14665
3388,40314
3389,12946
3390,4510
3391,30223
3392,37398
3393,621
3399,7469
3400,12166
3403,40486
3406,8475
3408,9934
3409,10289
3410,35952
3412,38065
3413,38428
3414,13451
3418,4313
3419,21991
3420,20535
3422,7469
3423,22629
3424,763
3425,16441
3426,22060
3426,20173
3428,13633
3429,39022
3430,5144
3432,5089
3433,35161
3435,9410
3437,27173
3439,16716
3440,19182
3442,32748
3444,2285
3447,38650
3449,28609
3451,39072
3452,38304
3457,15534
3457,35838
3460,22882
3461,2222
3462,21804
3466,32535
3469,39240
3472,27690
3473,35975
3473,29316
3476,14865
3476,28238
3477,28085
3478,8576
3479,7101
3480,23556
3481,23556
3483,13458
3485,17171
3486,18889
3486,20831
3486,25524
3486,24653
3486,3504
3486,14250
3486,36680
3486,10780
3486,13627
3486,34751
3487,23597
3488,39716
3491,28710
3493,4099
3494,4099
3495,25655
3496,38256
3497,30669
3498,3324
3499,9281
3501,33862
3504,24036
3507,20444
3507,29144
3508,4389
3510,33380
3512,16928
3513,23636
3514,37755
3515,25971
3517,4099
3518,30917
3519,1348
3521,21234
3523,37100
3524,28305
3529,26059
3530,28655
3531,3192
3532,23310
3533,37262
3534,40942
3537,11700
3538,9
3539,29845
3542,14041
3543,29845
3543,21633
3545,4631
3546,758
3548,32818
3548,18825
3549,11867
3550,1153
3555,18488
3556,32217
3557,39273
3558,39489
3560,35640
3561,40058
3564,30675
3565,36254
3566,26794
3567,33791
3568,35918
3568,18709
3569,3702
3570,3702
3571,3702
3573,18898
3575,18696
3583,36944
3584,25818
3587,20147
3590,38994
3590,3212
3591,6987
3591,6770
3591,39434
3591,22418
3591,22231
3591,34632
3591,39851
3592,9699
3594,23673
3595,2757
3596,39212
3597,1094
3600,31997
3603,34
3604,17447
3604,7893
3606,16920
3614,34733
3615,34733
3617,36136
3618,17593
3619,23245
3620,21347
3621,34429
3622,4878
3623,17414
3624,1258
3626,17029
3627,11314
3629,5914
3631,38950
3632,29866
3635,12902
3636,23885
3638,18225
3639,26143
3640,28508
3642,34044
3644,19436
3644,16585
3646,16329
3647,16339
3647,9321
3648,8624
3649,6845
3650,7853
3650,29211
3651,37648
3653,12144
3654,16871
3658,29821
3659,515
3662,28047
3663,8392
3669,12830
3671,39497
3673,37388
3676,17439
3677,2365
3679,8341
3680,35593
3682,23794
3682,24039
3682,22847
3684,25971
3694,22283
3698,14288
3699,35191
3700,31904
3702,37312
3704,19581
3707,32069
3710,29433
3712,1272
3712,23858
3714,36136
3715,36463
3716,20203
3718,16928
3718,16915
3719,26008
3720,22851
3720,2521
3720,15653
3721,14312
3729,14312
3729,19844
3730,227
3730,35622
3731,3136
3732,7146
3733,29845
3734,16339
3735,17991
3736,15709
3739,17697
3739,20990
3740,33456
3741,39087
3744,10816
3748,5613
3754,21185
3757,24294
3758,32134
3759,34429
3760,24462
3762,11771
3764,15140
3765,13269
3766,21616
3767,18538
3768,13808
3769,1903
3772,31277
3773,11468
3774,27158
3776,24734
3777,23885
3778,22227
3778,5223
3782,8732
3784,33477
3786,7977
3787,8489
3789,32911
3791,30811
3792,13720
3794,16054
3796,27000
3798,36066
3799,25167
3801,31634
3803,26067
3803,947
3804,38234
3805,38703
3806,22283
3809,9685
3810,14288
3811,14288
3812,14288
3814,29572
3815,33109
3816,12094
3817,35694
3819,19595
3820,519
3821,23578
3823,828
3826,13158
3829,143
3830,33796
3831,14262
3833,6727
3834,16431
3835,40018
3837,29144
3842,2110
3843,40031
3858,1331
3858,31649
3859,12191
3860,13839
3861,11793
3863,12402
3864,17402
3866,21721
3867,39582
3869,23567
3870,3104
3872,25615
3873,30535
3874,36502
3875,23598
3876,14275
3878,23885
3886,8641
3889,11867
3890,40486
3891,33743
3892,5409
3894,30447
3895,4861
3896,11575
3897,33406
3900,33708
3904,16673
3905,31345
3906,1033
3907,38452
3908,4699
3909,31527
3911,27036
3912,36289
3913,39212
3914,36084
3915,36136
3916,2238
3917,35561
3918,21815
3919,2021
3920,8185
3922,18488
3923,13997
3924,13997
3927,7126
3929,21750
3929,40075
3929,16739
3929,20530
3930,11867
3931,17795
3933,30779
3934,19509
3936,16774
3940,19509
3946,5469
3948,11867
3949,32134
3949,2667
3951,34628
3952,34415
3953,21999
3955,37434
3956,34584
3958,11235
3960,28735
3961,33095
3963,36485
3964,21227
3967,17736
3968,37291
3973,3950
3974,13831
3975,32748
3976,30692
3978,16315
3979,6529
3979,29984
3983,28639
3984,36006
3986,16548
3991,39464
3992,18508
3993,16227
3994,24583
3995,37301
3996,22856
3998,19388
3998,38993
4000,2117
4001,31594
4003,29995
4004,39928
4005,12094
4006,22922
4008,23636
4009,25796
4009,24898
4010,23636
4011,25796
4012,12176
4014,562
4018,24583
4019,28486
4020,18508
4021,37301
4022,6334
4025,15357
4026,5386
4032,14809
4032,13995
4034,7553
4035,10999
4037,7790
4038,13615
4039,39464
4040,28486
4041,3109
4042,28268
4046,20145
4047,23245
4048,32593
4049,15194
4050,19
4051,12279
4052,28242
4053,27432
4054,39792
4059,18012
4060,12132
4061,29742
4062,30779
4063,6957
4065,32182
4065,30047
4066,24320
4067,26027
4068,6091
4069,6334
4070,39464
4071,23245
4072,23245
4073,35614
4074,6334
4075,6334
4076,6334
4077,6334
4078,8293
4079,28486
4081,25546
4082,29546
4083,23713
4084,32748
4086,3556
4087,1311
4088,10617
4089,28951
4092,39725
4093,29382
4094,25599
4095,36408
4096,20271
4097,24840
4098,30251
4099,12478
4100,8405
4101,23797
4102,34393
4103,36084
4104,30727
4105,21436
4107,13866
4108,33008
4109,36858
4111,15498
4111,23182
4113,32906
4114,8435
4116,17965
4118,31114
4121,35952
4122,37824
4124,19959
4125,18861
4129,25794
4134,17878
4135,2074
4136,336
4136,16859
4136,38207
4136,11215
4137,14546
4137,23257
4139,31677
4140,25590
4147,8264
4148,23534
4149,28911
4151,1914
4152,28918
4153,28051
4154,23636
4155,5750
4156,40739
4157,317
4158,11682
4159,23670
4160,13831
4161,21101
4162,13831
4162,25281
4165,16852
4166,21460
4166,18468
4170,12582
4174,2544
4174,9682
4175,34175
4177,7156
4178,18040
4181,2503
4182,24951
4183,15270
4186,35214
4187,14002
4189,33702
4191,11900
4192,36525
4193,21774
4194,31735
4195,32134
4196,32134
4198,12600
4199,8293
4204,4590
4205,14617
4206,13306
4209,20801
4209,14409
4210,21082
4211,28173
4212,28168
4213,40870
4214,22563
4215,12684
4218,37171
4218,37174
4220,39932
4222,21876
4223,16329
4224,21092
4225,30954
4226,30840
4229,17677
4230,17677
4232,7049
4233,7049
4234,20202
4234,8928
4235,29371
4237,18856
4238,39306
4239,39306
4240,39306
4243,29321
4244,28217
4245,10717
4247,24764
4248,24764
4249,16329
4250,31894
4253,40827
4256,30806
4259,10379
4260,13154
4263,28111
4268,20386
4269,36402
4276,15076
4278,12922
4279,30994
4281,35855
4282,33145
4283,16202
4284,33284
4285,17494
4285,37467
4286,30262
4287,17980
4288,35619
4290,10524
4290,17808
4292,25585
4293,8847
4294,37341
4295,15839
4296,33984
4298,35020
4300,24764
4302,24764
4303,13427
4304,23642
4307,1489
4314,17708
4314,27146
4315,23885
4316,23846
4318,2938
4319,23896
4320,2576
4322,24704
4323,5409
4324,15534
4325,4636
4326,7101
4329,793
4330,2435
4331,6730
4332,11070
4333,19546
4334,17867
4335,21606
4336,30215
4337,27084
4338,17867
4339,17867
4340,4184
4342,22018
4342,22918
4343,16410
4344,2435
4346,11807
4347,9563
4349,12552
4350,22422
4352,17814
4353,8219
4355,18258
4355,34205
4356,1610
4358,27138
4359,21815
4361,32286
4362,34038
4365,9420
4365,26106
4370,7616
4371,11875
4374,32046
4375,32134
4376,30578
4378,9008
4379,21991
4383,8389
4384,12214
4386,17485
4386,11386
4389,38564
4391,19015
4392,27966
4393,37567
4394,27072
4395,28044
4395,16274
4396,36484
4397,860
4397,17948
4398,11229
4399,7351
4402,39044
4403,7249
4405,8964
4412,37085
4415,24722
4417,33549
4418,5183
4419,28663
4420,26705
4421,15009
4422,30703
4423,31315
4424,31315
4425,3461
4426,30905
4427,3211
4428,20022
4429,19015
4430,30349
4430,20869
4432,39181
4433,38480
4434,13577
4435,5068
4436,13660
4438,2024
4439,30703
4440,4098
4441,26160
4442,23205
4443,33001
4444,32999
4445,21041
4446,244
4447,36228
4448,12533
4449,27908
4450,3211
4451,21347
4452,28049
4453,27420
4454,30703
4455,9655
4456,37472
4457,21078
4458,30219
4459,30471
4460,12595
4461,20264
4463,16685
4464,930
4465,34949
4467,33775
4468,8330
4469,16852
4471,39668
4472,37610
4473,1205
4474,34195
4476,33389
4478,38964
4481,39212
4482,32835
4483,35849
4485,9933
4487,17335
4487,5604
4491,23858
4493,29760
4494,20525
4497,30766
4500,8948
4501,37567
4503,37330
4506,37766
4507,2700
4508,30784
4510,34288
4511,12496
4513,29435
4514,17571
4515,28837
4516,31843
4517,20422
4520,33543
4523,29336
4525,32664
4525,8666
4526,35640
4527,19135
4529,7079
4533,28398
4534,36774
4538,19781
4539,27746
4540,9933
4541,11152
4541,3827
4542,3042
4544,39566
4545,11152
4546,39566
4548,37173
4548,14769
4549,32211
4549,15873
4553,37174
4555,14769
4556,1090
4557,35135
4558,19015
4559,30843
4560,26947
4561,9244
4562,30811
4563,3212
4564,23621
4565,34321
4566,34361
4567,37618
4568,2024
4569,1915
4570,28961
4572,3211
4573,32250
4574,3691
4575,3772
4576,39140
4577,32250
4578,34513
4579,30379
4580,4077
4581,31371
4582,35234
4583,33243
4584,6486
4585,4184
4586,2024
4587,26910
4588,30724
4589,30490
4590,15209
4591,15209
4592,8954
4593,37330
4594,2010
4595,28918
4596,15663
4597,36173
4598,19136
4599,961
4600,27871
4601,24697
4601,134
4602,134
4602,24697
4603,39109
4604,38990
4606,38941
4607,10379
4608,36228
4610,33707
4611,38994
4612,26947
4613,3969
4614,34997
4615,33007
4616,2788
4617,20032
4618,26652
4619,13736
4620,16818
4621,20457
4625,32134
4626,40832
4626,12830
4627,3033
4631,31007
4631,1017
4642,3393
4643,27827
4647,1238
4650,18143
4654,23174
4657,20297
4657,17437
4658,14787
4660,12133
4661,30784
4662,16928
4665,29741
4666,28518
4667,30417
4668,28606
4669,16277
4670,19341
4672,33325
4676,24709
4680,34799
4681,36858
4682,19
4684,18147
4685,37683
4686,29201
4687,26064
4688,13734
4689,14754
4691,3708
4692,3789
4693,31064
4694,30468
4695,34864
4698,23691
4699,36366
4700,39850
4701,38994
4702,32580
4706,26108
4707,15698
4708,12029
4709,1162
4713,250
4714,32870
4715,27913
4716,39817
4716,40204
4716,13840
4719,21555
4720,39140
4721,38972
4721,28059
4722,23205
4723,244
4724,20370
4725,33460
4726,39140
4727,14963
4728,30380
4729,34779
4730,30300
4731,3691
4732,30219
4733,30811
4734,30197
4735,14963
4736,23577
4737,2584
4738,39140
4740,16910
4740,28523
4741,28794
4746,37049
4747,37049
4749,38000
4750,31151
4750,15995
4752,4515
4754,20710
4756,249
4757,35891
4758,8354
4761,7104
4766,1437
4769,1469
4770,20801
4770,14409
4771,7614
4774,8963
4775,33928
4776,9681
4780,21686
4782,31151
4782,15995
4783,17389
4784,33311
4785,1439
4786,20264
4787,33891
4788,33891
4789,23885
4790,33186
4791,30700
4792,5011
4792,7404
4793,4077
4794,19107
4795,26005
4796,27966
4797,33277
4798,39111
4800,18539
4801,19137
4802,4636
4802,8058
4803,34815
4804,16339
4806,40003
4807,24822
4809,31151
4809,15995
4811,32187
4812,10527
4813,11762
4815,34429
4817,34085
4818,26903
4820,12820
4823,31356
4824,23180
4824,17969
4826,40777
4826,19380
4826,3212
4826,9655
4827,28341
4828,24023
4828,14707
4829,7519
4830,30900
4831,10388
4834,7933
4835,16580
4836,38452
4840,34304
4841,27393
4843,23057
4844,11820
4848,28203
4850,31151
4850,15995
4851,1339
4852,23885
4855,37467
4856,19158
4859,5490
4860,25405
4861,27501
4862,14037
4864,16339
4865,3017
4865,371
4867,31151
4867,15995
4868,38202
4868,4234
4869,39024
4871,5075
4872,8325
4873,35447
4874,32046
4876,2454
4877,15183
4878,31860
4878,16563
4879,3163
4881,31355
4882,17855
4883,29143
4884,11867
4885,17210
4886,9511
4887,1842
4888,12031
4888,32282
4889,18874
4890,22740
4891,1350
4892,19015
4894,1492
4898,13419
4898,8827
4900,30349
4902,9818
4903,38828
4905,2008
4906,37068
4907,9121
4908,4495
4910,8016
4912,21472
4913,32030
4916,25021
4917,16247
4917,8788
4918,8062
4918,20446
4918,32169
4919,33429
4920,2551
4921,28489
4922,24288
4923,9049
4923,14114
4924,29582
4928,22121
4929,18406
4930,10562
4932,29833
4933,29794
4935,24192
4936,32729
4937,14024
4938,9457
4939,32748
4940,16687
4941,31151
4941,15995
4944,14702
4945,19148
4946,220
4948,9693
4949,30349
4951,32748
4953,11688
4954,2232
4955,11688
4956,2037
4957,4077
4959,17445
4960,28493
4961,16115
4963,31151
4963,15995
4964,21881
4966,26064
4967,26064
4969,8276
4970,26143
4971,21185
4972,26037
4973,8715
4975,25687
4976,616
4978,5206
4980,1676
4982,40150
4983,36227
4984,17557
4987,23984
4988,39913
4990,17728
4991,38855
4992,19841
4994,24477
4996,38506
4997,29420
4997,31662
4999,25796
5000,4509
5002,31151
5002,15995
5003,31151
5003,15995
5004,32085
5007,26368
5008,23599
5009,23599
5010,8856
5011,30485
5012,21432
5013,2000
5014,6025
5015,3691
5016,26123
5016,17789
5016,31897
5017,26123
5017,17789
5017,31897
5018,26123
5018,17789
5018,31897
5019,26064
5020,26064
5021,26184
5022,23599
5023,14486
5025,23885
5026,28820
5029,10158
5032,13754
5034,12300
5035,24035
5038,35731
5040,5011
5041,2228
5042,32053
5042,35521
5043,8823
5044,36811
5045,3354
5046,21347
5048,18872
5050,25715
5051,14901
5052,40222
5054,10093
5055,8261
5056,34111
5057,24495
5059,16291
5059,16295
5060,9080
5061,25715
5063,31151
5063,15995
5065,15125
5067,31151
5067,15995
5068,33906
5069,33498
5069,28801
5072,25715
5073,6593
5074,24760
5074,36451
5075,7043
5077,31151
5077,15995
5078,20801
5078,14409
5080,21453
5080,38479
5081,30778
5082,31421
5084,8987
5085,25094
5086,7009
5087,16339
5089,26187
5092,26077
5093,24631
5094,7920
5095,18252
5097,39986
5101,35640
5102,1243
5103,16323
5105,22832
5107,9500
5108,28262
5109,16329
5111,29178
5112,8416
5114,8798
5115,9690
5116,23826
5116,19015
5117,23030
5118,29794
5122,11291
5123,38698
5124,34241
5125,4587
5128,23885
5130,8862
5131,38479
5132,21453
5132,38479
5133,10109
5134,17487
5135,16329
5136,14963
5137,25531
5138,11499
5138,16520
5143,21964
5144,27098
5144,35079
5145,28515
5147,1535
5149,26895
5149,18352
5152,34878
5153,17930
5154,14798
5157,8798
5159,4245
5159,17156
5161,18382
5162,38256
5163,15535
5164,1361
5165,7156
5168,9236
5172,23885
5173,996
5175,13116
5177,31151
5177,15995
5178,23797
5180,7199
5182,5535
5183,17801
5184,2584
5185,28863
5187,1768
5188,15335
5189,1530
5189,14809
5190,1562
5191,8083
5197,18629
5198,11302
5199,1298
5200,32046
5202,13365
5203,19639
5204,30447
5205,5386
5208,40554
5210,14142
5210,30524
5212,16817
5213,31236
5214,5075
5215,26160
5218,30956
5219,9061
5221,34359
5223,23374
5224,40054
5225,15995
5226,22806
5227,25167
5228,28085
5229,23373
5230,5124
5231,16339
5234,8882
5235,5215
5236,12858
5239,6085
5240,12091
5241,39212
5242,19408
5249,38810
5250,6032
5250,1160
5253,26077
5254,15536
5256,31820
5257,10209
5261,26961
5262,22649
5265,39396
5266,40825
5267,7123
5268,2166
5269,25550
5270,7795
5271,2647
5272,39886
5274,4509
5276,10527
5277,25796
5278,11883
5280,32185
5280,12127
5282,18466
5283,36366
5284,23057
5291,30778
5293,38109
5294,38109
5295,37697
5297,30778
5301,26523
5303,10569
5304,34383
5305,38479
5307,12020
5308,18350
5308,39772
5309,37320
5309,1074
5310,21453
5310,38479
5311,12582
5311,24037
5312,12569
5313,31137
5314,15235
5315,24037
5315,12582
5316,23885
5317,33578
5318,6287
5319,420
5320,23885
5323,8421
5323,36591
5324,37913
5326,16329
5327,16329
5329,29743
5330,16438
5331,18217
5332,25818
5333,39526
5334,11291
5335,32835
5336,32835
5337,32835
5338,32835
5339,32835
5340,32835
5341,31887
5342,24933
5343,31151
5343,15995
5344,5640
5345,11612
5347,11880
5352,17613
5354,1563
5358,25147
5359,15133
5360,7614
5362,7378
5365,7560
5368,38673
5369,17187
5370,8392
5371,19531
5372,11757
5373,11122
5374,674
5375,11349
5376,13931
5377,16534
5378,24417
5379,16329
5380,16329
5382,35676
5386,29111
5388,27790
5389,34170
5390,7614
5392,21849
5395,9854
5397,36416
5399,12656
5401,21849
5403,29518
5409,38479
5412,28691
5416,5098
5417,4815
5418,19018
5419,5388
5420,5296
5421,28059
5424,32522
5424,17870
5425,33906
5427,16326
5428,20690
5428,19864
5429,14851
5430,3544
5431,5796
5432,5821
5433,25670
5436,6517
5441,28630
5442,23601
5443,37567
5443,20669
5444,33083
5447,18903
5448,38479
5449,10411
5450,28612
5451,5821
5452,10411
5453,16379
5454,31874
5455,2739
5456,20180
5457,8487
5461,20180
5462,21849
5463,38479
5464,1105
5467,10411
5468,7886
5469,22113
5470,39140
5472,17456
5473,30658
5474,8980
5475,16451
5476,7404
5477,14409
5479,23033
5479,10576
5481,32748
5482,30778
5483,21089
5484,35257
5485,1657
5486,30778
5487,11920
5488,2577
5490,10197
5490,8367
5490,26708
5491,33958
5492,30019
5493,22456
5494,16518
5496,15995
5496,31151
5497,25530
5498,17001
5499,19102
5500,23329
5501,30278
5502,22788
5503,15717
5504,10411
5505,33951
5506,36076
5507,9728
5508,15193
5508,15119
5509,20771
5512,35594
5513,11487
5516,12603
5517,28456
5518,11809
5518,26918
5519,23885
5522,17114
5522,32371
5522,31007
5523,11874
5525,374
5526,16329
5527,9500
5528,9500
5529,9500
5530,2340
5531,20006
5532,24063
5533,26024
5534,35919
5535,3173
5536,21999
5537,13266
5537,15064
5540,12830
5541,17471
5542,22633
5544,1443
5545,15725
5546,19103
5547,24159
5548,3934
5549,16243
5550,12
5551,10378
5552,8353
5553,20438
5555,21577
5556,13180
5557,6635
5558,34429
5560,9699
5561,25237
5562,37905
5563,35640
5565,22543
5566,36508
5569,18958
5571,15818
5572,33513
5573,11220
5574,29782
5574,15883
5575,34521
5577,34429
5578,23765
5580,12823
5582,40486
5583,2117
5585,34127
5587,34233
5587,26060
5588,236
5589,23079
5590,37859
5591,23154
5595,9008
5596,23713
5597,19930
5598,18587
5600,28049
5601,37391
5603,33111
5603,33857
5605,31149
5606,24949
5607,25749
5608,7714
5611,31692
5613,17304
5613,7216
5614,33862
5614,947
5615,31151
5615,15995
5616,23510
5617,32256
5618,11688
5619,34815
5620,17362
5621,18127
5622,29712
5623,16339
5624,1135
5625,36565
5626,397
5627,23828
5628,23885
5629,24147
5630,2726
5631,6826
5632,27468
5633,13804
5634,2367
5635,25072
5636,5716
5637,14581
5638,1688
5639,26288
5640,16478
5642,4120
5643,10908
5644,13309
5645,38553
5646,26371
5647,21347
5648,32252
5649,35872
5649,35083
5650,15717
5652,239
5653,9695
5657,18226
5658,31739
5658,16804
5660,37343
5661,23636
5662,38983
5664,33961
5665,35139
5667,24769
5675,15810
5677,10631
5679,31151
5679,15995
5680,1311
5682,15909
5683,27642
5686,7108
5688,1311
5689,32292
5690,4539
5692,32902
5694,390
5695,10681
5696,31993
5697,34881
5698,30832
5699,31461
5702,38806
5703,22261
5705,16529
5706,4329
5707,24607
5709,28749
5710,7157
5711,30417
5712,15995
5712,31152
5713,34429
5713,25919
5714,16871
5715,14511
5718,39231
5719,23622
5720,16549
5722,22566
5725,23885
5726,20422
5726,31586
5727,31605
5734,14142
5734,30524
5735,26748
5736,10882
5737,32046
5738,28687
5739,39469
5740,18821
5741,40468
5743,4565
5744,32214
5746,3042
5747,37389
5748,38109
5749,28217
5750,28217
5751,7668
5755,20271
5756,7351
5757,18031
5758,3910
5759,8756
5761,31660
5762,25590
5765,31478
5766,13394
5768,47
5771,1153
5773,40825
5774,15209
5775,9033
5777,30043
5779,30256
5780,29430
5780,17945
5781,31477
5783,32140
5783,5397
5784,5101
5784,17985
5785,5075
5793,38003
5794,38256
5795,22633
5796,28655
5797,8261
5798,8273
5809,16339
5810,7367
5811,19020
5814,22633
5816,25609
5817,38256
5818,16339
5819,16329
5820,1264
5821,25609
5822,17821
5825,7368
5827,37844
5829,34960
5831,19472
5832,17402
5833,1717
5834,30417
5835,37108
5836,32748
5838,14198
5838,30273
5838,36087
5838,27073
5838,3188
5838,33377
5838,30417
5838,30793
5838,30722
5838,234
5838,36289
5840,31151
5840,15995
5841,31854
5842,39668
5843,5011
5843,7404
5847,35919
5848,16339
5849,31692
5850,17949
5852,11822
5852,11824
5853,26077
5855,12339
5858,32165
5859,16200
5860,33191
5861,35518
5861,22611
5862,17735
5865,40313
5866,26371
5869,21347
5873,31151
5873,15995
5874,39668
5875,39668
5876,16339
5877,1647
5879,21238
5880,12147
5881,12547
5881,26123
5881,17789
5881,31897
5882,35281
5884,20974
5885,31436
5887,15344
5888,7056
5888,16679
5888,29223
5888,21552
5888,17716
5888,27346
5888,5747
5888,35968
5888,9174
5888,20226
5888,32198
5888,26079
5888,24250
5889,10574
5890,2391
5891,345
5892,6233
5893,76
5893,24144
5894,11542
5895,16339
5897,26705
5898,20690
5898,19864
5899,13783
5900,16339
5902,20982
5902,3660
5904,29178
5905,29888
5906,3080
5907,22451
5908,16691
5910,22869
5911,17114
5911,32371
5912,21347
5913,26078
5914,4815
5916,4075
5917,9030
5918,17593
5922,16339
5925,21347
5926,28655
5927,19770
5927,32482
5928,39764
5929,15909
5930,22887
5930,7619
5931,32000
5931,11972
5932,6542
5932,23153
5933,39469
5935,13315
5936,16585
5937,16220
5938,18339
5939,39543
5939,10229
5942,7805
5943,21415
5944,31991
5945,11163
5946,17507
5947,32523
5948,3505
5949,17705
5950,5735
5951,31606
5952,22288
5953,32233
5954,31868
5954,31926
5955,14825
5956,17412
5957,28404
5958,35544
5959,34395
5960,31988
5961,20304
5962,34859
5963,38981
5964,21096
5966,29336
5967,36485
5969,38954
5970,33516
5971,3769
5972,23070
5972,8875
5973,25705
5974,25677
5976,40880
5977,28751
5978,19518
5980,342
5981,21829
5982,32267
5984,25325
5986,33183
5988,38884
5989,8471
5991,8419
5992,33882
5992,34236
5993,31534
5994,5722
5995,8968
5996,31134
5997,26705
5999,14006
6000,26102
6001,17964
6001,33905
6003,17533
6004,5419
6005,27645
6006,35091
6007,4685
6008,27036
6009,12425
6010,14940
6011,34585
6012,13759
6013,32553
6014,23138
6015,15423
6016,2452
6017,2667
6018,38868
6019,29809
6020,18060
6021,31843
6022,37649
6023,4715
6024,38179
6025,28078
6026,25193
6026,11710
6028,17964
6028,33905
6029,28832
6030,17593
6031,31500
6032,35658
6033,35788
6034,37763
6035,24323
6036,31315
6037,32291
6039,11230
6040,25818
6041,37117
6042,17153
6043,2554
6044,7045
6046,693
6047,15357
6048,7392
6048,5216
6050,17677
6051,18143
6052,25690
6053,19878
6054,25595
6055,14246
6056,15204
6057,3592
6058,11386
6058,17485
6059,23947
6060,27270
6061,24450
6062,5414
6063,406
6064,27501
6065,13332
6066,3910
6069,32666
6070,28438
6071,40882
6072,25993
6073,6501
6074,30219
6075,27036
6076,38552
6077,3769
6079,9
6080,18951
6080,34268
6081,6447
6082,7171
6082,29444
6083,8504
6084,1493
6085,18815
6086,18809
6087,26100
6087,33922
6088,23380
6089,5317
6091,37321
6092,2939
6093,33371
6094,21190
6096,5657
6097,5503
6098,3144
6099,27857
6100,37177
6104,34799
6105,1676
6107,4942
6108,134
6108,24697
6110,6276
6111,12852
6111,1469
6112,24462
6113,15350
6114,33979
6115,36362
6116,11470
6117,9917
6117,12544
6117,8274
6118,39250
6119,6649
6120,7046
6121,18060
6122,24879
6123,39053
6124,21794
6125,31623
6126,31623
6128,13296
6129,38205
6130,3818
6131,23630
6132,20362
6134,6644
6135,25585
6136,33153
6137,5284
6139,4208
6140,34487
6141,24328
6142,39664
6143,33692
6144,38017
6145,2306
6146,27708
6148,24538
6149,16853
6150,3718
6151,19378
6152,9917
6153,29894
6153,35109
6154,21421
6155,21421
6156,39264
6158,29665
6159,15232
6159,14077
6160,3935
6161,6063
6163,37501
6164,22890
6165,29809
6166,28902
6169,35312
6170,29414
6171,18613
6172,29860
6173,34657
6174,2724
6176,20011
6177,23613
6179,9029
6179,7244
6180,15367
6180,18381
6181,13158
6182,7208
6182,12130
6183,7335
6184,20349
6185,27627
6186,16254
6187,33645
6188,17669
6189,15825
6190,17773
6191,36241
6192,26109
6193,16245
6194,25469
6196,8984
6196,15582
6197,11616
6197,3858
6198,26120
6200,12346
6201,3087
6201,17462
6202,22023
6203,3037
6204,868
6205,40845
6206,1155
6207,34695
6208,18443
6209,380
6210,8765
6211,25753
6212,25533
6213,25533
6215,8836
6216,33053
6218,36196
6218,36252
6219,19022
6221,35109
6222,29900
6223,29900
6224,13624
6225,5701
6226,40748
6227,94
6227,388
6228,36838
6230,23659
6231,493
6232,18184
6233,30721
6234,24918
6235,21217
6236,421
6237,40617
6238,19408
6239,2477
6239,25632
6240,39612
6241,11560
6242,7795
6243,11560
6244,7795
6244,11560
6244,25632
6245,21186
6246,11354
6247,30786
6248,9100
6249,29437
6252,8734
6255,14533
6256,32954
6257,22179
6258,18391
6260,39229
6260,2643
6261,25293
6267,26093
6268,5593
6269,650
6269,20368
6270,20349
6271,18738
6272,406
6273,11972
6274,19896
6275,19642
6278,30732
6279,3098
6281,3277
6283,381
6284,17406
6285,17406
6286,13633
6288,36783
6289,37044
6290,9568
6291,20355
6293,36422
6294,23433
6297,30349
6298,30774
6299,30349
6300,30843
6301,16131
6303,17538
6304,9390
6306,34561
6307,33897
6308,19529
6309,32336
6310,27700
6311,34429
6312,35774
6313,39233
6313,8355
6314,15016
6315,12451
6315,38971
6315,13019
6315,31053
6316,10822
6317,24026
6318,13688
6320,26009
6321,36297
6322,24245
6323,31714
6325,18252
6326,32704
6327,16909
6328,7918
6329,24440
6330,12393
6331,8339
6332,11391
6333,4516
6334,9181
6335,18888
6337,16442
6338,37046
6339,166
6340,39735
6341,22021
6343,16818
6344,21969
6345,9439
6346,4260
6347,16802
6349,16364
6350,10795
6351,30699
6352,12366
6352,38080
6353,5264
6354,12714
6354,2476
6355,5747
6355,7172
6356,1418
6357,16587
6359,3518
6360,19203
6363,12536
6363,32481
6364,12630
6366,31633
6367,1826
6368,7159
6370,25603
6371,33979
6372,6359
6373,17390
6375,35614
6376,35064
6377,31443
6378,31911
6380,3104
6381,22707
6383,39208
6384,39208
6385,39208
6387,26131
6388,2362
6389,8973
6391,35834
6392,17966
6393,21669
6395,6234
6395,18070
6396,8427
6397,8520
6398,38173
6400,2664
6401,28309
6403,3720
6404,23205
6406,26594
6407,26594
6409,6042
6410,33896
6411,22345
6413,29805
6415,13935
6415,9208
6416,4620
6418,19035
6419,28250
6420,24278
6422,6945
6423,37693
6424,5358
6425,40817
6425,9006
6426,24824
6428,24424
6429,39715
6430,39715
6432,31512
6433,34365
6434,5160
6435,75
6435,25719
6436,14218
6437,34810
6438,27664
6439,13924
6440,127
6441,8856
6442,38474
6443,3467
6444,9652
6445,12506
6446,17638
6447,37503
6448,25167
6449,6555
6449,15315
6450,8856
6451,20311
6453,39715
6453,16201
6454,17810
6455,13481
6459,5179
6462,35001
6462,3725
6463,3725
6463,34950
6464,34950
6464,3725
6465,30774
6465,4913
6466,3214
6467,24224
6468,28076
6469,37779
6471,36814
6472,22887
6473,4385
6474,20025
6475,3793
6476,2464
6477,7831
6479,24181
6480,12572
6481,17461
6482,23736
6483,15235
6485,26555
6486,14533
6487,29444
6489,11885
6489,19709
6490,29686
6492,27729
6493,22654
6494,13334
6495,11188
6497,15472
6498,12147
6500,7139
6501,17636
6502,22195
6502,21345
6502,37833
6503,28509
6504,24826
6511,37349
6512,21969
6513,39145
6516,33795
6517,12017
6518,20180
6519,40531
6522,31977
6523,30843
6524,7929
6526,16901
6526,36556
6527,35630
6528,38643
6529,12621
6530,28751
6531,30843
6532,171
6534,36005
6535,17980
6536,4501
6537,14247
6538,16161
6540,25503
6540,12459
6541,29342
6542,20908
6544,2593
6545,9929
6546,40515
6547,6500
6548,13997
6549,12539
6551,35854
6552,1904
6553,28804
6554,17903
6555,30688
6556,16447
6558,16580
6559,29935
6562,5281
6563,32209
6565,663
6566,1450
6567,12938
6568,30283
6570,29077
6571,18780
6574,2029
6575,10207
6575,4298
6576,28085
6576,15691
6577,37757
6578,36864
6579,8591
6580,9321
6581,36854
6582,6447
6583,16229
6584,27545
6585,13922
6586,7617
6589,2584
6590,20013
6590,3501
6591,9398
6592,5898
6593,7215
6594,37046
6595,12249
6596,33160
6597,26493
6598,7400
6599,25621
6600,32852
6601,7618
6603,36196
6603,36252
6605,15006
6606,13880
6607,4490
6609,4581
6610,21794
6611,21089
6613,16356
6615,6856
6616,37699
6617,4530
6618,27558
6620,8950
6621,29411
6622,29921
6623,6580
6624,5358
6625,23342
6625,3894
6625,39544
6625,8807
6625,8745
6625,39845
6625,1052
6625,17992
6625,10124
6625,5232
6626,16107
6627,38257
6628,37321
6629,37321
6630,37321
6631,5967
6632,8390
6633,26060
6634,26108
6635,2489
6637,39715
6638,17787
6639,23094
6640,5016
6641,33907
6641,39947
6642,31855
6643,7741
6644,10046
6645,29253
6646,30774
6648,13301
6649,38237
6650,31301
6654,641
6655,10449
6656,38256
6657,10960
6658,8753
6662,3065
6663,39535
6665,32740
6666,5571
6667,889
6668,13879
6669,36196
6669,36252
6670,35619
6671,29938
6676,24951
6678,19048
6680,11765
6681,4311
6682,17608
6683,34016
6684,11587
6684,14620
6685,14620
6685,11587
6686,27978
6687,17986
6688,25815
6689,31788
6690,27555
6692,20568
6693,13284
6695,877
6697,8798
6699,9360
6700,16713
6701,16195
6702,31934
6703,10093
6704,21116
6705,39699
6706,1151
6707,23798
6709,38613
6711,37821
6712,29440
6713,32083
6714,3592
6716,15280
6717,1284
6719,15831
6720,35996
6721,2277
6721,24184
6721,20789
6721,28402
6722,25843
6723,2489
6724,18299
6726,13633
6727,13633
6728,13633
6730,4574
6731,24839
6734,33456
6735,7159
6736,13334
6737,34059
6737,21056
6738,13854
6739,19918
6740,27040
6741,34307
6743,14745
6744,37171
6746,29816
6747,28235
6748,4947
6749,22955
6750,3352
6752,38056
6753,2664
6754,15903
6755,9017
6756,15903
6757,12890
6758,32859
6759,3516
6760,35920
6761,28034
6762,19922
6763,2460
6765,12844
6766,6733
6768,23724
6769,20355
6770,13332
6772,19298
6772,34390
6773,3742
6776,18574
6777,38386
6778,24248
6778,20291
6779,9177
6780,24275
6781,31607
6782,17406
6784,17937
6784,334
6785,12219
6787,22856
6788,25113
6790,21687
6791,34238
6793,26108
6794,13334
6795,28085
6797,38261
6798,8858
6799,35110
6800,23743
6801,33247
6802,39260
6802,16902
6803,18638
6805,23883
6806,35107
6808,23371
6809,30029
6810,14121
6811,1063
6814,7909
6815,33951
6816,5043
6817,21628
6818,339
6819,14526
6820,11825
6822,29535
6824,22796
6827,24462
6829,14841
6830,32592
6831,14395
6832,23570
6833,28766
6838,8898
6839,13513
6840,27681
6841,7400
6843,29809
6844,9048
6845,30786
6846,31488
6847,19822
6847,24634
6848,24307
6849,19822
6851,19822
6852,29063
6853,31788
6854,39068
6854,6599
6855,33067
6856,39464
6857,5333
6859,13893
6860,16488
6860,37700
6861,13183
6862,13893
6863,25707
6864,12108
6865,14533
6866,36735
6867,24424
6868,33192
6870,15282
6871,32256
6873,24261
6874,27592
6875,7118
6876,2454
6877,39457
6878,36916
6879,12730
6880,14220
6881,24462
6882,19003
6883,25607
6884,3354
6885,31914
6887,24736
6888,2243
6889,7651
6892,15006
6893,36855
6894,30914
6897,16818
6898,132
6899,27145
6900,11154
6901,2769
6903,15904
6904,11354
6905,34230
6906,34230
6909,1570
6910,406
6911,34747
6911,23548
6911,14318
6911,38108
6911,37932
6911,20825
6911,39993
6911,8146
6911,12162
6911,20834
6911,18281
6911,14398
6912,14766
6913,33747
6914,17714
6915,954
6916,17884
6917,17402
6919,37559
6921,17418
6921,22627
6922,22883
6925,32003
6925,27365
6926,14931
6928,17956
6928,14052
6929,8599
6930,8451
6932,32336
6933,680
6934,32318
6935,18994
6935,24901
6937,8856
6939,17983
6940,5244
6941,10316
6943,2393
6944,35952
6945,9110
6946,30460
6947,10709
6948,2164
6949,19976
6950,8982
6951,7155
6953,14564
6955,37768
6955,32489
6957,8964
6958,13428
6959,35593
6960,7189
6961,30221
6962,32140
6963,7853
6965,37588
6967,34553
6968,22423
6969,33881
6973,22822
6974,16684
6976,39151
6978,2577
6979,8416
6980,8336
6981,3722
6983,1570
6983,6399
6984,27532
6985,3089
6985,27671
6985,346
6985,12560
6985,20311
6985,33578
6985,33919
6985,20263
6985,9416
6986,39519
6987,28240
6988,28240
6989,30818
6990,2722
6991,4862
6992,4862
6993,26066
6994,36088
6995,15423
6996,5524
6998,1436
7000,4048
7001,24497
7002,11765
7003,33871
7004,25758
7005,25046
7006,947
7008,16097
7009,12695
7010,24315
7011,33418
7012,40720
7013,37807
7014,32324
7015,20038
7016,22326
7017,16870
7019,17369
7020,5820
7021,1902
7022,33144
7022,12165
7023,35479
7024,30698
7026,10105
7027,20145
7028,18072
7031,24802
7032,24802
7033,7918
7035,12370
7036,28606
7037,4563
7037,12350
7038,24553
7039,21520
7041,11839
7042,409
7043,32474
7044,7429
7045,10061
7046,23951
7047,25469
7048,20037
7049,5322
7050,35895
7052,5323
7053,21605
7054,32905
7056,38022
7057,16329
7058,19427
7059,39291
7061,36939
7062,17581
7063,4029
7064,11196
7065,36174
7066,18018
7067,10649
7068,5146
7069,33472
7071,35953
7072,35953
7073,35953
7074,35953
7075,17829
7076,15535
7077,22731
7078,30447
7079,14740
7080,19104
7085,11430
7087,25627
7088,29156
7089,38107
7090,38107
7091,38107
7092,7651
7093,6588
7094,17841
7095,27036
7096,19857
7097,15549
7098,21913
7100,38567
7103,23617
7104,2577
7105,15232
7106,23982
7107,13759
7108,40585
7109,40232
7110,34779
7111,24729
7111,36017
7112,13985
7112,36007
7113,36003
7114,30447
7115,10181
7116,23205
7118,13018
7119,27966
7120,4069
7122,20311
7123,16097
7125,39212
7127,7651
7128,12846
7129,5769
7131,17404
7133,8891
7134,30577
7135,17665
7136,3611
7137,2473
7138,686
7140,4844
7141,37664
7142,1908
7145,8856
7146,17814
7147,36399
7148,28189
7150,33048
7151,29893
7152,21345
7152,22195
7153,32217
7154,17867
7155,17965
7157,19684
7159,33454
7160,20910
7161,37616
7162,17111
7163,28775
7164,5731
7165,32198
7165,12638
7165,29302
7165,17311
7165,26525
7165,37877
7165,28006
7165,4848
7165,17322
7165,25802
7166,30153
7167,32631
7168,9576
7170,33747
7171,15836
7172,32977
7173,1786
7174,39078
7175,6501
7176,20013
7177,20013
7179,21999
7179,37556
7180,21999
7180,37556
7181,34429
7182,22587
7184,36047
7187,9655
7189,14533
7190,36341
7190,36248
7191,36092
7192,9754
7193,17831
7194,28085
7195,29421
7196,8339
7198,30447
7199,30447
7200,35928
7201,12286
7202,29428
7203,18041
7204,35766
7205,31988
7206,3811
7207,29358
7208,11821
7209,16579
7210,35865
7211,29719
7211,5061
7212,9378
7213,134
7213,24697
7214,12543
7217,39726
7219,10574
7220,12145
7220,18239
7221,1334
7222,18090
7224,17305
7224,11338
7225,13440
7226,13820
7228,26835
7228,37482
7229,26835
7229,37482
7230,37482
7231,37482
7232,37482
7234,26835
7234,37482
7235,38203
7237,28434
7238,39597
7239,31322
7240,35767
7241,2522
7242,37522
7243,35663
7244,36331
7245,27700
7247,40432
7248,21089
7249,9526
7250,33275
7251,21653
7251,27864
7252,8421
7252,36591
7253,22901
7254,13048
7259,1159
7260,36523
7261,35536
7262,7125
7263,23088
7266,23335
7268,30470
7270,15704
7271,19821
7272,24696
7273,8220
7273,12013
7274,10988
7275,2229
7276,32516
7277,32334
7278,32334
7279,32334
7281,4104
7282,38815
7283,40530
7284,39904
7285,6856
7287,33919
7289,2477
7289,35806
7290,2272
7290,35984
7293,24127
7294,29085
7294,35428
7294,8857
7295,17713
7296,28614
7297,16624
7299,16499
7300,32318
7303,19026
7304,17867
7305,20293
7306,1486
7307,6593
7309,35953
7310,19442
7311,10730
7312,14557
7314,37499
7315,32116
7316,15071
7317,35849
7318,30223
7320,30223
7321,40501
7323,27716
7324,39469
7327,13511
7328,35930
7329,15844
7329,35901
7330,11893
7330,18455
7331,25519
7333,35658
7334,15712
7335,16644
7335,27689
7336,36559
7337,9092
7338,28951
7340,14855
7341,1224
7342,33634
7345,6700
7346,28911
7347,32850
7348,35767
7351,35927
7352,701
7353,35613
7355,7209
7356,1758
7357,19638
7358,17867
7359,2180
7361,30576
7361,39015
7362,30200
7363,37441
7364,16374
7365,30273
7366,10198
7367,9187
7368,12753
7370,5842
7370,16928
7371,17172
7372,7443
7373,28049
7374,4483
7375,62
7376,14851
7378,22720
7379,37321
7380,4557
7381,1830
7385,22085
7387,8856
7388,35479
7389,33244
7390,25845
7391,19853
7392,4482
7394,34949
7395,36973
7396,8894
7397,17844
7398,37806
7399,25775
7400,29156
7401,30639
7402,27666
7403,7662
7404,35920
7406,27351
7408,30373
7410,11534
7411,6856
7412,9019
7413,8806
7414,9274
7415,11143
7416,21913
7416,11181
7417,14388
7418,31872
7420,34613
7421,38446
7422,28789
7423,36069
7423,3812
7424,8438
7425,29934
7426,14015
7426,34310
7427,5032
7427,31803
7428,33317
7429,32905
7430,17025
7431,27356
7432,24462
7433,26239
7434,15411
7435,29293
7435,24287
7438,4926
7440,5040
7441,34738
7442,16045
7442,7613
7443,4280
7444,4280
7445,17597
7446,12496
7449,37707
7451,33512
7452,4718
7453,35854
7455,16533
7457,13484
7459,2715
7461,12626
7462,36944
7463,30811
7465,19887
7466,22442
7467,20118
7468,16698
7470,4226
7471,18689
7472,8872
7473,8815
7474,28692
7475,2827
7475,32717
7476,26831
7477,37051
7478,39624
7479,21096
7480,99
7482,26108
7483,24459
7485,5329
7487,32046
7488,720
7489,14449
7490,35900
7491,39612
7492,35838
7492,2408
7493,39612
7493,36527
7494,10179
7495,38856
7495,1500
7496,39612
7497,26076
7497,35900
7498,39612
7499,8262
7499,39612
7500,3841
7500,11181
7501,10179
7501,2408
7501,3841
7502,10179
7502,35900
7504,31988
7505,30512
7507,10158
7508,4269
7509,3101
7510,15912
7511,6439
7512,25709
7513,3916
7514,36118
7515,16690
7516,29719
7516,39536
7516,35854
7516,13365
7516,35849
7516,15781
7516,18102
7516,10643
7516,29251
7516,5329
7516,32664
7516,15805
7517,5561
7518,35849
7519,37869
7520,3036
7521,7928
7523,39265
7524,16533
7525,8856
7526,1442
7526,4583
7527,15750
7528,16818
7531,22042
7531,6147
7532,5583
7533,28606
7534,39407
7535,15232
7536,8726
7537,27376
7538,1232
7540,7557
7542,15209
7542,16400
7543,16400
7543,15209
7544,39464
7545,35195
7545,39715
7546,17654
7547,27702
7549,3796
7550,35069
7551,26437
7553,32894
7554,16107
7555,20932
7555,11923
7556,9386
7557,4440
7557,12704
7558,30221
7559,14148
7560,24634
7561,27249
7562,35432
7563,12672
7564,13301
7565,17989
7566,23335
7567,32290
7567,4485
7568,6442
7576,12767
7578,28798
7579,18383
7580,9383
7581,20457
7582,21794
7583,3553
7584,18182
7585,19982
7586,8264
7588,12724
7591,2584
7592,27857
7593,33881
7595,3025
7596,37528
7597,31546
7597,37528
7599,20440
7599,15568
7601,32642
7602,24435
7603,13039
7604,33614
7605,37163
7606,10043
7607,24435
7608,29723
7609,13242
7610,29451
7610,20731
7612,28460
7613,28460
7614,22481
7615,8431
7616,29839
7617,37827
7618,28129
7618,30459
7619,12447
7620,32899
7621,21979
7622,29797
7623,33180
7626,8303
7626,38513
7627,11062
7631,21445
7632,21445
7634,24705
7635,12946
7636,15577
7636,15575
7637,22972
7638,22042
7639,35952
7640,35952
7642,26975
7643,34556
7644,30126
7645,30126
7646,30126
7648,4208
7649,28459
7651,26493
7652,7548
7653,14153
7654,30210
7655,24764
7656,6632
7657,6632
7658,24764
7659,35101
7660,34208
7661,4198
7662,26711
7664,37550
7665,28100
7666,16145
7668,27810
7669,4821
7669,25836
7670,32198
7670,17117
7671,17693
7673,8624
7674,37488
7677,8624
7678,22506
7679,6852
7680,29775
7681,20700
7682,4443
7683,16380
7684,24236
7684,2450
7685,3089
7687,328
7687,22969
7688,29424
7689,21089
7691,31585
7692,6503
7693,18215
7695,30110
7696,6593
7697,1940
7698,1309
7700,7886
7701,11880
7702,8879
7703,4702
7704,31169
7705,28629
7707,36047
7708,12435
7709,16641
7712,20248
7713,27908
7714,16802
7715,29957
7716,21234
7717,35854
7718,9721
7720,28972
7721,4198
7723,29400
7723,39422
7724,26536
7725,24283
7727,15359
7728,5773
7729,15790
7731,28509
7732,38050
7733,39535
7734,19383
7735,16445
7735,999
7736,18031
7737,869
7737,21082
7738,4198
7738,29554
7738,35419
7738,29053
7738,39160
7739,21096
7740,248
7741,8313
7741,9922
7742,7380
7743,12451
7744,28681
7744,35592
7744,31539
7744,31602
7745,23335
7746,15235
7746,5627
7747,7319
7749,1063
7750,33144
7751,31210
7752,28459
7753,8427
7753,18307
7754,16457
7755,39671
7756,31914
7758,12348
7759,35884
7779,6625
7779,20826
7789,15742
7790,3618
7791,12145
7792,33751
7793,7045
7793,18320
7793,13317
7794,13334
7795,39715
7796,4732
7797,35771
7798,7380
7800,4260
7802,30786
7803,30447
7804,3213
7805,22895
7806,23012
7808,25820
7810,23736
7812,39469
7815,31525
7817,2551
7818,18031
7819,30973
7820,13868
7821,24462
7822,23612
7823,16790
7823,37554
7824,9784
7825,9568
7826,4326
7827,29889
7827,31487
7828,30699
7830,11157
7831,33451
7832,20605
7833,13015
7834,1991
7835,26711
7837,14646
7838,2584
7840,27677
7842,25666
7844,7914
7845,17768
7846,2022
7847,24114
7849,7635
7849,21994
7850,26493
7852,2546
7853,34386
7854,3793
7855,1723
7856,24283
7858,29440
7859,31375
7860,22291
7860,403
7861,6856
7862,38946
7864,2435
7864,2442
7865,16068
7865,15711
7866,33153
7867,11878
7869,17933
7870,23444
7872,9507
7872,22956
7874,3670
7875,2007
7876,15208
7877,30006
7878,27684
7880,17680
7881,36536
7882,36536
7883,36536
7884,17680
7885,12339
7886,33247
7887,27130
7888,26366
7889,27404
7890,21885
7891,24856
7892,25038
7892,16068
7894,34938
7895,32296
7896,17642
7897,16328
7899,3770
7900,30470
7901,35663
7902,31883
7903,16494
7904,12521
7905,8944
7906,7159
7908,32046
7910,8756
7911,9567
7912,1297
7913,7553
7914,30848
7915,12890
7916,13642
7917,25789
7918,4189
7919,10468
7920,20712
7920,28832
7921,7742
7922,30273
7923,27040
7924,33467
7925,26474
7926,29061
7927,19101
7928,2047
7929,5580
7929,12381
7930,2724
7931,17713
7932,30737
7933,30699
7934,13080
7935,22720
7936,12938
7937,32250
7938,32250
7939,12451
7940,38756
7941,19243
7942,38568
7944,515
7945,30707
7946,8229
7947,16928
7948,23371
7950,17736
7951,16564
7952,23057
7953,20190
7955,9791
7956,19872
7957,23485
7958,35953
7959,35594
7960,14392
7960,19836
7960,17186
7961,10343
7962,39475
7963,39475
7964,17831
7965,35965
7966,23507
7967,9898
7968,16330
7970,4899
7971,19528
7972,36400
7973,33179
7974,19528
7975,38839
7976,36400
7977,33179
7978,38839
7979,38839
7979,12498
7980,22687
7981,28751
7982,3718
7984,20098
7986,26085
7987,25748
7988,25748
7989,36548
7990,3173
7991,25043
7993,36069
7995,20940
7996,9655
7997,13477
7998,14275
7999,9017
8000,33231
8002,26919
8002,4957
8004,13511
8005,30843
8006,31126
8007,461
8007,31502
8008,31502
8009,17279
8009,30233
8010,9497
8011,32024
8012,4251
8013,431
8014,4198
8014,29053
8015,11597
8015,3166
8017,39191
8018,37588
8019,23093
8020,16168
8024,2714
8025,30578
8026,31980
8027,10013
8028,13319
8029,7842
8030,10504
8033,31366
8034,31773
8035,12257
8036,7740
8036,13311
8037,22004
8038,17449
8039,4871
8040,29957
8042,17750
8043,17412
8044,28111
8046,1356
8047,12221
8048,14963
8049,18047
8050,13831
8051,1489
8052,32324
8053,32324
8054,25655
8055,14768
8056,27128
8057,18869
8058,16556
8060,33979
8061,8787
8061,26656
8062,16870
8062,31391
8064,33156
8066,8267
8067,24304
8068,33162
8069,29799
8069,32160
8069,5042
8070,8872
8070,3078
8072,37798
8073,13890
8074,35989
8075,32024
8076,32024
8077,32024
8078,16315
8079,8696
8080,7385
8081,308
8082,1674
8083,31443
8085,8964
8087,28391
8087,8912
8088,383
8089,39265
8090,946
8091,3416
8091,26559
8092,6712
8092,23706
8092,36870
8092,30126
8093,17958
8096,5144
8097,1294
8099,30690
8100,15885
8101,32501
8102,23736
8104,4338
8105,11362
8105,31289
8106,15280
8107,2386
8109,644
8111,31875
8112,15374
8113,35692
8114,6725
8115,40558
8116,4575
8117,33779
8119,18282
8120,19530
8121,29065
8123,36192
8124,20294
8125,15006
8127,13304
8128,13187
8129,5649
8131,5582
8132,2664
8134,24862
8135,3034
8135,1403
8136,24843
8137,4326
8139,37503
8140,15951
8141,8275
8141,8465
8142,9464
8143,6733
8145,36047
8146,33513
8147,25607
8150,27422
8151,18823
8152,7056
8152,20268
8153,5418
8154,33247
8155,32802
8156,35433
8157,21815
8158,17620
8159,20286
8160,25761
8161,35841
8162,11688
8163,10491
8164,27237
8165,17040
8165,40800
8165,7038
8165,27613
8165,39714
8167,18072
8168,25167
8169,39925
8169,25756
8170,8216
8171,36142
8172,30349
8173,9572
8177,27318
8177,325
8178,26400
8178,1990
8179,24921
8180,28894
8182,12699
8184,32024
8185,35953
8186,11352
8187,16489
8188,31883
8189,2407
8191,37416
8191,17800
8192,9350
8192,6251
8193,33247
8195,11771
8196,18089
8197,7210
8198,39310
8199,2518
8201,21115
8202,10751
8203,19917
8203,22661
8204,17867
8205,5392
8205,27348
8206,17676
8208,11357
8211,37885
8212,32279
8213,28687
8214,29944
8215,1063
8216,20236
8216,35245
8216,11185
8218,1083
8218,1729
8219,28517
8220,2577
8221,31580
8222,39584
8223,24251
8224,27542
8225,20031
8226,28195
8227,29860
8228,21096
8229,37171
8230,31883
8231,14646
8233,35636
8234,13240
8234,29046
8235,28355
8236,5695
8237,3793
8238,10756
8239,33980
8240,17951
8241,36917
8242,21096
8243,7936
8245,23274
8246,3146
8247,9003
8248,17827
8249,25558
8250,28235
8252,17852
8253,13990
8254,5039
8255,3349
8256,2047
8257,2410
8259,20722
8259,7150
8260,1334
8261,23897
8262,27542
8264,16126
8264,2451
8265,33748
8266,14841
8267,12164
8267,17161
8268,36928
8270,35106
8271,29785
8271,18355
8273,24462
8274,6351
8274,38615
8275,4969
8276,39596
8277,39584
8279,35748
8279,16820
8280,1688
8281,31788
8282,4675
8284,20429
8285,16328
8286,31922
8287,29286
8289,15859
8290,18996
8290,91
8291,33162
8292,8956
8293,27803
8294,25784
8295,9049
8296,16737
8297,8994
8298,21096
8299,9017
8300,7697
8300,17848
8301,32188
8302,14602
8303,24315
8304,6733
8305,5390
8306,5390
8307,25390
8308,31875
8309,29788
8310,24424
8311,28442
8313,17736
8314,37649
8315,33921
8318,27627
8319,24142
8320,7694
8321,8879
8323,10025
8323,40102
8324,29416
8325,19533
8326,27468
8327,8806
8328,8806
8329,8806
8330,8806
8333,34359
8334,17642
8336,25892
8338,25626
8339,25985
8340,28815
8341,25096
8342,36972
8343,6435
8344,40739
8345,24214
8345,21543
8345,33621
8345,32738
8345,35103
8345,38681
8345,34305
8345,16791
8346,13158
8347,28240
8349,8194
8351,32587
8352,31892
8353,21447
8355,31855
8356,39212
8357,37171
8359,15124
8360,29911
8360,19090
8360,1849
8361,5146
8362,12164
8363,35952
8364,11832
8364,19233
8365,11832
8365,27766
8366,31692
8366,24913
8368,19518
8370,29988
8371,4537
8371,27793
8373,32101
8375,31788
8376,19413
8378,37781
8381,1143
8382,37583
8383,30044
8384,12941
8385,8471
8386,33988
8387,32188
8388,24217
8389,9412
8389,19396
8390,31889
8391,29816
8392,23613
8394,16499
8395,4982
8395,7048
8396,24282
8397,12018
8399,40181
8400,5408
8401,16347
8402,31913
8403,12215
8404,18409
8405,29744
8406,29744
8407,23848
8408,31927
8408,32472
8409,35650
8410,17896
8411,32035
8413,17767
8413,18390
8414,24424
8415,22195
8415,21345
8416,22195
8416,21345
8417,22195
8417,21345
8418,20013
8418,7366
8418,11221
8419,28998
8420,39642
8421,13257
8426,23241
8427,5632
8428,17596
8431,15750
8433,25764
8434,9100
8435,9100
8436,4272
8437,36000
8439,6099
8441,35675
8441,9809
8442,21447
8442,17435
8444,6635
8445,39464
8446,383
8447,17658
8448,4433
8449,26219
8450,1019
8451,16454
8452,35765
8453,17509
8454,29938
8455,34561
8456,29606
8457,5634
8458,29764
8458,16532
8459,9439
8460,19875
8461,693
8462,32051
8463,30917
8463,31992
8464,6478
8465,5337
8466,24405
8467,32317
8467,17774
8468,26950
8469,17784
8470,12409
8471,13260
8471,5406
8473,31788
8474,12106
8476,26318
8478,20225
8479,34348
8480,14121
8480,23996
8480,24383
8481,1679
8482,708
8484,35840
8485,9290
8486,13588
8487,13190
8488,22537
8489,26948
8490,8019
8492,29321
8493,7211
8494,8980
8495,5587
8496,3903
8497,20962
8498,39408
8499,12164
8500,13484
8501,35759
8502,7145
8503,37488
8505,249
8506,12885
8507,9791
8508,39593
8508,39530
8509,15124
8510,36250
8512,8879
8513,29705
8514,15859
8515,21035
8516,5390
8517,37378
8518,21187
8521,35944
8522,7891
8523,35714
8525,39542
8525,7702
8526,38047
8527,3071
8528,37651
8529,26521
8529,26484
8530,21865
8531,21658
8532,35109
8533,32026
8535,5273
8535,11012
8536,8940
8537,25847
8538,4441
8538,1257
8539,8821
8541,20228
8543,31988
8544,30126
8547,16453
8547,22715
8548,11302
8549,24276
8550,20013
8550,23055
8551,28700
8551,36917
8553,32647
8554,16357
8555,12147
8556,6945
8557,28076
8559,31950
8560,21188
8562,27550
8563,10844
8564,21579
8565,25523
8566,38890
8567,12752
8569,29725
8570,36559
8571,29823
8572,32968
8573,6692
8574,9047
8577,9444
8578,39670
8579,30492
8580,4911
8581,36650
8582,33144
8583,4558
8584,35792
8585,17867
8586,26474
8587,18170
8588,39642
8588,17832
8590,22076
8591,505
8592,33244
8595,35880
8596,35448
8598,10414
8598,11994
8598,107
8599,4391
8600,25587
8602,21208
8603,29896
8604,32228
8607,5681
8608,23982
8609,39396
8611,8346
8612,23205
8613,36152
8614,33429
8615,8574
8616,16570
8617,39302
8618,35774
8619,31504
8620,33128
8621,17978
8621,5163
8622,32344
8623,32836
8624,5302
8625,32836
8626,9933
8627,9933
8628,410
8629,34949
8630,26820
8631,17274
8632,27688
8633,34525
8633,7260
8635,37090
8636,14232
8637,30308
8638,16356
8639,10569
8640,6501
8641,12145
8641,17713
8641,14600
8641,32520
8641,3094
8642,9054
8643,20311
8644,14322
8646,5734
8649,12575
8650,20568
8651,36368
8651,35681
8652,15887
8653,3212
8655,4520
8656,29325
8657,25710
8658,7057
8659,18037
8660,11220
8661,17676
8662,29286
8663,33464
8664,34658
8665,16232
8666,30208
8667,26474
8668,24149
8669,15848
8671,29686
8672,30843
8673,3689
8674,1881
8675,13463
8676,5207
8677,8945
8678,13989
8679,12553
8681,28768
8682,12474
8683,40486
8684,21123
8686,10284
8687,4799
8688,28950
8689,3188
8690,31873
8692,32101
8693,23738
8693,25051
8694,1346
8694,2426
8695,29914
8696,11693
8697,35953
8698,17766
8699,13588
8700,15481
8702,24115
8703,37449
8704,25036
8705,7159
8706,9041
8707,16779
8708,13301
8709,1143
8710,3123
8712,6844
8714,3617
8715,35777
8715,28533
8715,18890
8716,212
8717,38198
8718,35650
8719,25619
8720,14565
8723,32051
8724,31182
8725,18360
8726,32592
8726,31788
8728,31826
8728,37113
8729,14141
8729,24725
8730,23894
8731,33928
8732,28085
8733,29396
8734,4563
8735,10119
8736,24462
8738,26191
8738,1640
8739,9581
8740,12145
8740,2262
8743,4280
8744,29314
8745,26702
8746,25294
8747,29095
8749,17658
8751,9215
8752,40498
8753,37287
8754,556
8755,4284
8757,4208
8758,28459
8760,35990
8761,8901
8762,39962
8763,26144
8764,17713
8765,21611
8766,18494
8766,2979
8766,32510
8766,19518
8767,31855
8768,21794
8769,1489
8770,26946
8771,36047
8772,21041
8773,33437
8774,19857
8775,277
8777,7206
8778,33674
8779,33674
8780,20707
8782,24293
8783,20311
8787,15754
8788,20118
8789,15295
8790,6334
8791,9390
8792,16232
8793,26786
8794,30716
8795,26463
8799,6496
8800,3916
8802,23432
8803,8879
8805,32553
8806,29740
8807,26768
