customer_id,country_id
17850,36
13047,36
12583,14
13748,36
15100,36
15291,36
14688,36
17809,36
15311,36
14527,36
16098,36
18074,36
17420,36
16029,36
16250,36
12431,1
17511,36
17548,36
13705,36
13747,36
13408,36
13767,36
17924,36
13448,36
15862,36
15513,36
12791,24
16218,36
14045,36
14307,36
17908,36
17920,36
12838,36
13255,36
16583,36
18085,36
13758,36
13694,36
15983,36
14849,36
17968,36
16210,36
17897,36
17377,36
16552,36
17181,36
17951,36
14729,36
12748,36
15012,36
12868,36
17572,36
14078,36
14001,36
12662,15
15525,36
14237,36
17905,36
15485,36
12433,25
16955,36
15350,36
15605,36
18144,36
15922,36
14594,36
15165,36
14911,11
16456,36
17841,36
12472,15
17346,36
17643,36
17873,36
13093,36
12921,36
13468,36
17760,36
16928,36
16048,36
16274,36
14496,36
14696,36
16539,36
17025,36
13777,36
17690,36
12947,36
17460,36
18229,36
14142,36
17069,36
13065,36
14606,36
16835,36
15235,36
13576,36
18011,36
13090,36
15694,36
14741,36
13715,36
14092,36
17732,36
12855,36
15752,36
17855,36
14047,36
17925,36
13941,36
17017,36
14135,36
13108,36
12471,15
15601,36
13418,36
14766,36
15658,36
14388,36
14901,36
18041,36
15955,36
15070,36
16244,36
15111,36
14390,36
16546,36
15260,36
13305,36
14491,36
14060,36
15923,36
16752,36
17287,36
15363,36
12915,36
15544,36
15738,36
16042,36
17381,36
15827,36
14180,36
13117,36
16916,36
17964,36
14466,36
17235,36
16510,36
17802,36
15107,36
17976,36
14449,36
15838,36
16781,36
17547,36
13491,36
16186,36
17685,36
17581,36
15732,36
13138,36
15823,36
17567,36
15061,36
16203,36
15640,36
15574,36
16770,36
17838,36
17228,36
14829,36
17412,36
14031,36
14775,36
12971,36
15834,36
17659,36
15299,36
15646,36
13958,36
14443,36
14156,11
16995,36
13402,36
18168,36
17757,36
14625,36
13011,36
13798,36
15384,36
14264,36
13295,36
16754,36
16634,36
18239,36
14576,36
13145,36
14395,36
14865,36
15093,36
12738,15
16150,36
17552,36
14236,36
17961,36
14573,36
17135,36
17396,36
14213,36
12967,36
12686,14
14679,36
15240,36
18225,36
13370,36
16883,36
13520,33
12841,36
16905,36
12427,15
17967,36
16891,36
14589,36
14680,36
17884,36
12557,31
14083,36
13013,36
14210,36
16477,36
12600,15
16013,36
17949,36
12779,26
16926,36
17787,36
12682,14
14723,36
17954,36
17819,36
12712,15
15373,36
16140,36
17198,36
17238,36
12793,27
15769,36
14396,36
14898,36
12725,19
16725,36
12395,4
16455,36
13081,36
15545,36
17243,36
15465,36
15708,36
13089,36
16033,36
13838,36
15351,36
18055,36
15038,36
18109,36
13069,36
16241,36
14800,36
16839,36
16168,36
16931,36
16814,36
13269,36
14813,36
12567,14
17062,36
15332,22
14810,36
16353,36
18118,36
13831,36
13506,36
17796,36
15716,36
18156,36
15221,36
16983,36
17059,36
16327,36
17211,36
17026,36
15570,36
15880,36
16718,36
15808,36
17858,36
16393,36
14161,36
17863,36
16411,36
16402,36
15023,36
17402,36
15426,36
12647,15
15894,36
15867,36
14506,36
15555,36
13034,36
15889,36
15953,36
16143,36
12720,15
16422,36
12747,36
15502,36
12763,20
14081,36
17965,36
14404,36
13579,36
13174,36
15987,36
17677,36
13652,36
12586,19
17428,36
16161,36
16858,36
18219,36
14293,36
14748,36
16638,36
17674,36
12808,27
13094,36
15899,36
12708,15
15898,36
17691,36
17227,36
15039,36
15919,36
13497,36
15860,36
14189,36
15304,36
14867,36
14344,36
12474,15
16719,36
15048,36
15301,36
14708,36
16898,36
14825,36
18113,36
17596,36
15078,36
14085,36
17860,36
13155,36
15028,36
16919,36
17259,36
17019,36
14487,36
16722,36
15882,36
14667,36
16710,36
16550,36
15984,36
17682,36
16658,36
17068,36
15356,36
17223,36
16817,36
13030,36
17191,36
15194,36
14409,36
16654,36
16861,36
16138,36
13481,36
13495,36
17519,36
17218,36
17812,36
14215,36
15602,36
17320,36
16782,36
12913,36
17869,36
13564,36
14850,36
15021,36
13963,36
17450,36
17091,36
17470,36
17616,36
15649,36
12681,14
14907,36
17735,36
16059,36
17720,36
15018,36
14733,36
13756,36
14176,36
13319,36
15353,36
18119,36
17491,36
14282,36
13569,36
15498,36
14673,36
13488,36
16221,36
15002,36
15965,36
15024,36
17675,36
13769,36
16904,36
16086,36
13786,36
13880,36
13173,36
15858,36
15180,36
12347,17
14739,36
16293,36
17419,36
16775,36
16306,36
16950,36
17591,36
12839,36
13807,36
16125,36
15081,36
18102,36
16365,36
17870,36
14821,36
16863,36
13078,36
13267,36
13050,36
12709,15
15628,36
12386,1
14796,36
16779,36
13599,36
13329,36
18077,36
14744,36
17406,36
15750,36
13983,36
13842,36
12441,14
13199,36
14032,36
17706,36
16081,36
16525,36
14952,36
17975,36
16122,36
13126,36
15973,36
16558,36
16713,36
16893,36
15529,36
18043,36
16016,36
17722,36
17324,36
17341,36
14051,36
15916,36
16233,36
16385,36
15032,36
17213,36
18061,36
13113,36
16553,36
13455,36
14217,36
17262,36
14299,36
18259,36
17676,36
16679,36
18269,36
12766,27
15298,36
18193,36
13523,36
12870,36
15005,36
15581,36
15680,36
13649,36
17894,36
13270,36
14618,36
14866,36
13077,36
13115,36
13531,36
13848,36
13140,36
15713,36
17999,36
15347,36
17340,36
13984,36
15996,36
14030,36
16252,36
16596,36
16700,36
16011,36
17655,36
16717,36
14243,36
12963,36
15079,36
14437,36
12942,36
15660,36
18092,36
15358,36
12481,15
12721,14
12621,15
18071,36
12683,14
12755,20
13854,36
12797,27
13369,36
12494,14
17857,36
17411,36
14932,7
12429,10
14987,36
14355,36
17526,36
14896,36
14440,36
13240,36
14479,36
16065,36
17430,36
16520,36
15945,36
15181,36
15856,36
13102,36
14205,36
17702,36
15271,36
13982,36
15288,36
17978,36
16795,36
16519,36
17816,36
13021,36
16255,36
17671,36
17646,36
12649,15
16350,36
12872,36
17339,36
18230,36
16499,36
17097,31
15192,36
14441,36
15279,36
16579,36
15380,36
17442,36
17950,36
12826,36
17456,36
17307,36
15811,36
13327,36
17700,36
13136,36
15535,36
12605,15
15329,36
15211,36
15596,36
16163,36
16907,36
17576,36
14713,36
14702,36
13230,36
13969,36
17530,36
15805,36
17696,36
17076,36
17827,36
16265,36
17880,36
13000,36
17790,36
12731,14
14419,36
14082,36
17912,36
15723,36
16656,36
14037,36
14256,36
14543,36
16062,36
18116,36
16019,36
18178,36
18065,36
13148,36
12989,36
14107,36
15881,36
12785,27
16727,36
15514,36
13787,36
17865,36
17220,36
16565,36
16873,36
14062,36
15179,36
18016,36
14448,36
15503,36
17251,36
16923,36
14159,36
17126,36
15224,36
14577,36
12753,20
17236,36
17372,36
16367,36
12875,36
17917,36
16010,36
17085,36
13668,36
14684,36
17188,36
15547,36
15998,36
14413,36
18004,36
13959,36
16665,36
15454,36
15044,36
17937,36
14608,36
17618,36
14505,36
18037,36
13198,36
12540,31
13225,36
15361,36
15689,36
14290,36
13209,36
13999,36
14498,36
15854,36
16701,36
16927,36
17990,36
14544,36
17338,36
17231,36
17799,36
14565,36
16726,36
17303,36
14639,36
17611,36
17179,36
17524,36
12476,15
17293,36
17890,36
17375,36
17371,36
17969,36
15159,36
13211,36
15777,36
14525,36
13324,36
13802,36
13948,36
13008,36
14206,36
16202,36
16442,36
18075,36
15468,36
16570,36
14524,36
18141,36
12434,1
16810,36
14961,36
17041,36
16458,36
16083,36
16262,36
17194,36
14057,36
14871,36
13178,36
18044,36
16812,36
16191,36
12370,8
14298,36
17158,36
14415,36
16899,36
16531,36
17404,32
16556,36
16805,36
16503,36
17739,36
13238,36
12829,36
13097,36
12867,36
15392,36
13846,36
14401,36
16145,36
17629,36
14150,36
13496,36
13611,36
16954,36
17454,36
17449,36
17230,36
12865,2
15950,36
15512,36
17525,36
13458,36
14426,36
16003,36
13092,36
13426,36
15101,36
17033,36
13221,36
14201,36
17692,36
15822,36
16134,36
17551,36
18050,36
14913,36
12666,18
15641,36
13124,36
17214,36
15456,36
15062,36
12928,36
15727,36
17980,36
15290,36
17752,36
15615,36
12577,14
17044,36
13829,36
17633,36
13266,36
17820,36
15664,36
17189,36
17496,36
16607,36
13317,36
13890,36
17001,36
15246,36
16996,36
15482,36
16037,36
14841,36
16670,36
16985,36
16705,36
16470,36
14414,36
15563,36
12980,36
16746,36
14878,36
16743,36
17146,36
12877,36
15394,36
14621,36
15379,36
14309,36
17288,36
14709,36
15157,36
17744,36
16316,36
15620,36
15789,36
16560,36
13534,36
17580,36
14777,36
15759,36
14373,36
18176,36
15366,36
14735,36
16271,36
18223,36
15532,36
16816,36
16684,36
14334,36
16945,36
14643,36
15197,36
14220,36
13874,36
18260,36
17848,36
17392,36
12348,13
14985,36
13004,36
14560,36
12931,36
13627,36
12551,31
12782,27
14769,36
15780,36
12417,4
17315,36
16711,36
12726,14
15204,36
17888,36
17007,36
15160,36
14016,11
13033,36
12691,14
13869,36
14146,36
12705,15
16885,36
17913,36
12668,15
14472,36
17358,36
16686,36
18245,36
17343,36
18256,36
16153,36
12377,33
14646,24
12944,36
15312,36
14099,36
14113,36
13104,36
17204,36
13027,36
17621,36
17090,36
14119,36
15527,36
18097,36
15460,36
15034,36
12423,4
12678,14
15208,36
17306,36
14737,36
13029,36
16270,36
13487,36
12515,19
17400,36
17593,36
13953,36
14533,36
12734,14
14944,36
17239,36
14532,36
12383,4
15562,36
15587,36
13922,36
13817,15
12585,15
13165,36
13304,36
13313,36
16875,36
16282,36
12957,36
14462,36
13397,36
13680,36
12483,32
15164,36
17457,36
14732,36
14221,36
14553,36
13253,36
17389,36
12578,19
15841,36
16112,36
13629,36
16600,36
15661,36
16532,36
15266,36
14653,36
16771,36
17585,36
15046,36
13082,36
15464,36
18226,36
18062,36
12415,1
12503,31
17368,36
14258,36
15719,36
13368,36
17634,36
16676,36
16424,36
18283,36
12735,14
13764,36
13656,36
12413,14
14312,36
13280,36
15845,36
16094,36
13187,36
16567,36
14828,36
12530,15
16551,36
16889,36
16473,36
13750,36
12501,15
15607,36
15139,36
12489,14
17707,36
18198,36
12484,31
18179,36
17284,36
13233,36
14889,36
12480,15
14672,36
13593,36
13162,36
13183,36
17095,36
12939,36
15611,36
17114,36
15059,36
16326,36
17128,36
14761,36
17555,36
12651,14
16735,36
16833,36
17800,36
16748,36
14755,36
16549,36
13565,36
15799,36
18032,36
13451,36
14794,36
12539,31
12500,15
18171,36
16279,36
12524,15
17811,36
16850,36
14321,36
15326,36
17849,36
13672,36
14229,36
13107,36
16497,36
16303,36
15281,36
12736,14
13473,36
14320,36
12393,1
17742,36
16351,36
12601,15
13144,36
15346,36
15370,36
12643,14
14295,36
16034,36
17365,36
15189,36
14669,36
18095,36
15518,36
15749,36
14209,36
15569,36
12728,14
17569,36
13784,36
12724,14
13862,36
16791,36
16235,36
14270,36
12665,15
12523,14
16655,36
16359,36
16554,36
12359,8
15939,36
14587,36
14715,36
14185,36
12437,14
14040,36
12652,14
14514,36
15171,36
14167,36
17048,36
17364,36
13284,36
16500,36
12951,36
15835,36
18190,36
13993,36
14114,36
15447,36
16315,36
14978,36
16395,36
15510,36
13614,36
13246,36
15687,36
16493,36
12490,14
12672,14
13385,36
15626,36
12553,14
15213,36
14175,36
18106,36
15033,36
14329,36
16401,36
16206,36
13782,36
12924,36
16593,36
13700,36
13064,36
13048,36
18069,36
13634,36
16843,36
17064,36
17609,36
15673,36
12626,15
14976,36
12388,1
13527,36
15696,36
15316,36
12673,15
15296,36
17988,36
12820,36
13001,36
14101,36
14238,36
17730,36
13929,36
14657,36
13859,36
18212,36
14292,36
13883,36
18233,36
17018,36
14242,36
12356,27
12346,36
13898,36
16948,36
16997,36
12527,15
15395,36
12510,31
13693,36
13263,36
14428,36
12451,33
12422,1
17708,36
14090,36
15606,36
15831,36
13310,36
14916,36
17602,36
14572,36
13502,36
14784,36
15938,36
12637,14
17418,36
14779,36
16321,1
15262,36
17862,36
16892,36
12402,4
17771,36
15422,36
14770,36
16912,36
15174,36
14895,36
12594,19
17504,36
16387,36
12664,13
16618,36
17277,36
14088,36
17094,36
14692,36
12970,36
17889,36
17644,36
17714,36
12916,36
17769,36
14450,36
16085,36
13659,36
15167,36
15443,36
14224,36
13742,36
17673,36
12727,14
14068,36
13068,36
14368,36
15497,36
12559,15
13819,36
14501,36
14782,36
17861,36
14439,16
18161,36
15820,36
18136,36
16660,36
12693,15
12625,15
13396,36
12935,36
16730,36
14541,36
13551,36
12421,31
15797,36
15052,36
14130,36
15222,36
13615,36
13901,36
13158,36
14257,36
15218,36
15110,36
14534,36
15967,36
16757,36
12854,36
13815,15
18008,36
18277,36
14389,36
13703,36
15339,36
12744,30
16222,36
14341,36
13168,36
16943,36
17515,36
17082,36
14248,36
12609,15
13002,36
16133,36
13049,36
14548,36
13405,36
14049,36
16043,36
15812,36
13837,36
17118,36
14616,36
14233,36
17075,36
16714,36
13098,36
17027,36
12591,19
17786,36
16124,36
16409,36
13754,36
15227,36
12997,36
15215,36
16918,36
16882,36
14442,7
16496,36
12764,21
17311,36
15910,36
16949,36
14970,36
14701,36
12645,15
12468,15
16767,36
14738,36
17540,36
14239,36
18125,36
13328,36
15549,36
15864,36
14662,36
17180,36
15057,36
12574,14
13330,36
13552,36
12853,36
13538,36
16755,36
14133,36
16523,36
14659,36
13141,36
15365,36
13707,36
13709,36
17329,36
14805,36
16897,36
15579,36
14595,36
13161,36
15415,36
17431,36
17463,36
14502,36
12528,15
15448,36
17314,36
17373,36
18145,36
14467,36
12908,36
15144,36
14776,36
16403,36
16407,36
17619,36
12778,24
17256,36
17604,36
14006,36
13600,36
15058,36
17147,36
13881,36
16612,36
14627,36
17356,36
12477,15
12836,36
13939,36
16745,36
13606,36
13494,36
12929,36
16419,36
17035,36
15203,36
16515,36
12373,2
18202,36
12775,24
14549,36
15981,36
16110,36
17376,36
13110,36
16716,36
12676,32
15940,36
15971,36
14665,36
14457,36
15589,36
14411,36
17560,36
15226,36
14460,36
16156,36
13728,36
14127,36
16378,36
13894,36
13824,36
18250,36
15270,36
14188,36
18017,36
15421,36
17446,36
12414,2
14798,36
12990,36
12350,25
16992,36
17337,36
16405,36
17071,36
13873,36
17362,36
13394,36
12502,31
16333,36
16030,36
14044,36
13800,36
17672,36
12464,4
13581,36
14540,36
13539,36
15885,36
14497,36
17507,36
13208,36
17334,36
13871,36
16938,36
12754,20
12410,33
17929,36
14778,36
17517,36
17226,36
13137,36
13725,36
13309,36
12842,36
16109,36
17291,36
15090,36
15199,36
13911,36
14194,36
14842,36
13584,36
17105,36
14438,36
12956,36
15781,36
14410,36
14600,36
17302,36
17613,36
13334,36
13955,36
17162,36
17774,36
13809,8
15407,36
15577,36
16332,36
14048,36
14475,36
17859,36
12576,26
15753,36
12599,14
14562,36
16951,36
16998,36
13133,36
17881,36
15843,36
17083,36
15970,36
13590,36
17537,36
12401,4
12462,31
17843,36
13706,36
17940,36
17686,36
14431,36
15809,36
12561,15
14465,36
18093,36
16027,36
12857,36
16425,36
16842,36
15796,36
14555,36
15114,36
15133,36
17705,36
18087,36
12897,36
17512,36
15550,36
14676,36
12505,19
18159,36
14304,36
15638,36
12943,36
13875,36
15406,36
18084,36
17282,36
16434,36
17050,36
13171,36
17472,36
17255,36
16084,36
17667,36
12507,31
14631,36
13381,36
15236,36
13475,36
17829,35
13717,36
13157,36
14644,36
12993,36
17571,36
16979,36
16738,36
15122,36
17612,36
17348,36
13893,36
14035,36
13623,36
14346,36
16431,36
12616,14
16317,36
14935,7
16073,36
14477,36
14760,36
14897,36
15810,36
16509,36
14386,36
12455,8
14530,36
15670,36
12653,18
16126,36
14609,36
13414,36
12823,36
12352,25
12372,10
16494,36
14959,36
16148,36
17422,36
17175,36
18257,36
12362,4
13018,36
13718,36
15382,36
14754,36
13151,36
12654,15
13085,36
15903,36
15785,36
18138,36
14379,36
14211,36
14371,36
13425,36
12852,36
15228,36
13012,36
16182,36
13489,36
12714,14
13904,36
15755,36
13932,36
13799,36
13951,36
16765,36
18172,36
16566,36
12891,36
16466,36
16115,36
14162,36
13301,36
14803,36
13744,36
12988,36
17323,36
12707,14
18094,36
15129,36
17361,36
18155,36
15321,36
13477,36
15065,36
16980,36
15146,36
12365,8
13410,36
13044,36
16441,36
16014,36
14520,36
17994,36
13038,36
17002,36
15722,36
16349,36
16913,36
18114,36
15303,36
12845,36
18188,36
16045,36
16573,36
13421,36
18196,36
13285,36
13184,36
18151,36
13804,36
17499,36
15397,36
14276,36
13453,36
16394,36
17711,36
13865,36
16940,36
14289,36
16208,36
17063,36
13149,36
18068,36
15932,36
16692,36
15590,36
17171,36
18231,36
14004,36
17139,36
14513,36
13118,36
15974,36
17830,36
12565,29
12582,13
14231,36
17867,36
14880,36
15121,36
17117,36
12945,36
18056,36
16072,36
16838,36
15543,36
13751,36
15847,36
13851,36
13501,33
12633,15
13345,36
13870,36
17034,36
16592,36
15712,36
13362,36
14470,36
17388,36
16841,36
13753,36
13666,36
12361,4
14481,36
13792,36
17663,36
13973,36
15990,36
13493,33
13684,36
13261,36
16598,36
14147,36
15951,36
13971,36
17516,36
13630,36
14157,36
13636,36
13610,36
14745,36
12781,9
14036,36
16057,36
15724,36
12458,33
12598,14
13675,36
14227,36
16668,36
16667,36
13509,36
15874,36
16187,36
16339,36
12509,14
14046,36
13292,36
16427,36
14056,36
15656,36
12811,27
16518,36
17165,36
17462,36
14620,36
14740,36
16462,36
12428,13
16078,36
16915,36
15676,36
15709,36
15241,36
12933,36
15092,36
12679,14
15319,36
16212,36
15257,36
14656,36
13884,36
12866,4
13166,36
16389,36
15416,36
15733,36
16678,36
12834,36
13722,36
14934,7
15067,36
16128,36
17770,36
15622,36
14473,36
15104,36
15643,36
16792,36
15031,36
15636,36
12873,36
17923,36
16217,36
17738,36
17426,36
16957,36
16571,36
14483,36
15087,36
16709,36
17856,36
15053,36
18218,36
16159,36
17995,36
17374,36
17789,36
17416,36
17652,36
13476,36
12817,2
15393,36
13014,36
17508,16
13931,36
12541,31
13382,36
15220,36
14570,36
14447,36
13557,36
16449,36
12547,31
17325,36
14995,36
16414,36
15681,36
14670,36
15675,36
12584,19
17535,36
15400,36
14903,36
14499,36
18211,36
14504,36
15572,36
17107,36
14247,36
15554,36
14915,36
16136,36
18280,36
12614,15
13344,36
16621,36
16225,36
14214,36
14012,36
16356,36
17654,36
15026,36
16517,36
14817,36
17092,36
16242,36
15869,36
17817,36
15234,36
15764,36
15806,36
15819,36
14586,36
15944,36
13340,36
16917,36
14407,36
13908,36
12758,27
13975,36
14730,36
12623,15
14367,36
13373,36
16712,36
17639,36
16426,36
16495,36
14336,36
14507,36
12759,24
17049,36
15206,36
14013,36
14645,36
15071,36
14112,36
13026,36
12881,36
17864,36
14936,7
17138,36
16572,36
14165,36
15367,36
14291,36
15632,36
14297,36
13899,36
16471,36
18183,36
14603,36
18173,36
14854,36
16625,36
14064,36
15308,36
18086,36
14350,36
14930,7
16080,36
14727,36
16778,36
14077,36
16808,36
16475,36
13265,36
12520,15
15049,36
18149,36
13654,36
16652,36
16766,36
16801,36
17164,36
13226,36
13043,36
14352,36
17351,36
16768,36
16693,36
13956,36
13708,36
15918,36
15671,36
14962,36
16807,36
15125,36
16871,36
12901,36
13452,36
15493,36
16005,36
15388,6
16804,36
13499,36
15047,36
14193,36
17542,36
17080,36
16392,36
15106,36
16214,36
13716,36
15150,36
16061,36
14226,36
13121,36
16297,36
12994,36
16152,36
14636,36
16040,36
15793,36
13358,36
12849,36
15182,36
13299,36
16383,36
15381,36
12597,31
15030,36
12435,10
12955,36
18189,36
13946,36
17716,36
13185,36
14840,36
13216,36
13650,36
13533,36
13268,36
15433,36
12937,36
17603,36
16216,36
16377,36
16976,36
12514,19
18210,36
13631,36
14422,36
15648,36
17725,36
15861,36
13072,36
15695,36
14110,36
14059,36
16672,36
16511,36
16256,36
13591,36
14066,36
15483,36
16626,36
15019,36
18270,36
14315,36
17921,36
14041,36
17060,36
16023,36
17133,36
12878,36
14155,36
17043,36
13046,36
14633,36
12948,36
15703,36
14071,36
17134,36
17795,36
12902,36
16444,36
14232,36
14693,36
12407,4
16728,36
16096,36
13985,36
13592,36
15140,36
12843,36
14408,36
15408,36
15445,36
15452,36
14223,36
16619,36
14762,36
13934,36
15669,36
16384,36
18224,36
14245,36
17678,36
15855,36
16036,36
17763,36
13262,36
17152,36
14632,36
13900,36
14875,36
15132,36
17272,36
16135,36
12831,36
15437,36
16809,36
14711,36
14377,36
16374,36
13196,36
15457,36
12613,15
16721,36
12399,4
17733,36
17102,36
15410,36
13239,36
15449,36
14870,36
13821,36
17096,36
12604,14
12818,2
18191,36
14461,36
13132,36
16859,36
15245,36
17486,36
16308,36
12564,14
14607,36
13249,36
15644,36
14075,36
17250,36
17966,36
14129,36
15651,36
13035,36
13341,36
13512,36
16620,36
17698,36
14267,36
13736,36
16022,36
14235,36
16769,36
17754,36
12408,4
16063,36
15178,36
14348,36
15815,36
13695,36
17979,36
13139,36
12545,31
14758,36
14536,36
13662,36
17946,36
13743,36
18078,36
16780,36
18273,36
15045,36
17625,36
13357,36
16777,36
14476,36
16245,36
12669,14
12792,27
17765,36
15083,36
18010,36
15249,36
13760,36
15624,36
17749,36
15068,36
14538,36
14851,36
14021,36
13037,36
18177,36
14128,36
17874,36
17719,36
17931,36
13803,36
17398,36
15906,36
16253,36
13439,36
12888,36
13588,36
12456,33
15521,36
13720,36
15674,36
17594,36
17775,36
13988,36
16657,36
15424,36
13316,36
16788,36
16584,36
15364,36
18108,36
14272,36
15980,36
15832,36
16092,36
15528,36
16398,36
17088,36
17438,36
13060,36
14790,36
14890,36
16386,36
14818,36
13571,36
12909,36
12619,15
16698,36
16681,36
13573,36
14957,36
13918,36
17212,36
17781,36
14886,36
13626,36
16609,36
16180,36
13462,36
18263,36
16960,36
13841,36
17701,36
12949,36
14852,36
12569,15
13169,36
16162,36
15691,36
14195,36
13781,36
17758,36
14023,36
17669,36
16142,36
17648,36
13059,36
16224,36
15223,36
17886,36
13294,36
15289,36
18185,36
17956,36
15756,36
14747,36
14719,36
13015,36
16586,36
16105,36
14546,36
15442,36
16906,36
14535,36
16170,36
15244,36
16696,36
15145,36
17492,36
13525,36
17409,36
17783,36
13863,36
13515,36
15917,36
17440,36
17045,36
17140,36
15201,36
14964,36
16031,36
14403,36
17042,36
13771,36
17906,36
18272,36
16144,36
13731,36
12580,15
14912,19
15530,36
13950,36
13752,36
13892,36
14446,36
16209,36
15754,36
13712,36
15800,36
16469,36
13005,36
14981,36
17928,36
16261,36
17883,36
14619,36
13995,36
16643,36
14246,36
18040,36
16837,36
15119,36
16325,36
14924,36
15109,36
16623,36
12999,36
12717,16
13962,36
18036,36
14958,36
13562,36
15775,36
17054,36
17268,36
13548,36
13508,36
12447,4
13570,36
13232,36
18129,36
13632,36
15665,36
17550,36
15655,36
14286,36
16188,36
12656,14
15214,36
17574,36
15737,36
18080,36
14311,36
14339,36
12982,36
12701,15
12596,31
14273,36
12363,37
13549,36
15414,36
13203,36
14628,36
14326,36
15935,36
13655,36
12910,36
13577,36
15251,36
14111,36
17160,36
16172,36
17972,36
12463,4
14844,36
17278,36
15212,36
16729,36
14998,36
13484,36
16697,36
14931,7
18236,36
13740,36
16454,36
15230,36
15134,36
16309,36
13544,36
14262,36
13134,36
17589,36
16097,36
13122,36
16966,36
17746,36
16175,36
14834,36
16348,36
15147,36
16131,36
15813,36
17058,36
17704,36
16933,36
13772,36
16249,36
14198,36
13989,36
17930,36
14154,36
14482,36
14163,36
14105,36
17601,36
17142,36
13811,15
12457,33
15135,36
16806,36
13952,36
13120,36
12769,5
13516,36
14323,36
18079,36
12639,32
14700,36
15027,36
17367,36
18213,36
17029,36
13220,36
15985,36
16193,36
15172,36
13692,36
15745,36
17582,36
13474,36
17697,36
16639,36
16947,36
15491,36
16617,36
15265,36
16226,36
18009,36
16399,36
14623,36
15625,36
18064,36
15508,36
16628,36
13647,36
15594,36
13479,36
13735,36
13376,36
15717,36
13719,36
16633,36
13101,36
15225,36
14152,36
12733,34
15436,36
17217,36
17734,36
14905,36
14148,36
16103,36
14626,36
14868,36
18246,36
13485,36
15517,36
17115,36
17120,36
16611,36
15912,36
12506,14
12670,14
17588,36
14759,36
16185,36
13505,33
13389,36
12354,31
17631,36
17061,36
17718,36
17630,36
13223,36
16146,36
17109,36
16587,36
12622,15
16750,36
13482,36
14512,36
17670,36
16834,36
15108,12
16942,36
14640,36
16823,36
15237,36
12573,14
17854,36
18220,36
17436,36
16965,36
12840,36
15891,36
17187,36
13637,36
17991,36
16418,36
16099,36
15768,36
16637,36
14240,36
15143,36
13229,36
14973,36
14271,36
15952,36
16227,36
17893,36
14022,36
15210,36
16370,36
15376,36
14655,36
17615,36
16055,36
14149,36
17501,36
14191,36
13282,36
15582,36
16230,36
18146,36
15976,36
17443,6
12886,36
17974,36
13524,36
17955,36
15128,36
16610,36
17394,36
14173,36
16258,36
14948,36
17384,36
16990,36
13762,36
12593,14
14340,36
17429,36
13711,36
14515,36
16457,36
17527,36
14199,36
13888,36
14423,36
14697,36
17522,36
13867,36
17624,36
14393,36
17578,36
13450,36
17423,36
18241,36
15668,36
16319,36
15757,36
17174,36
13365,36
18227,36
14145,36
18235,36
13741,36
12394,4
16832,36
15258,36
15552,36
18170,36
13723,36
14005,36
15561,36
16121,36
18142,36
13642,36
15117,36
13561,36
15704,36
16007,36
16232,36
17410,36
13835,36
13427,36
14353,36
12700,14
13003,36
16756,36
13492,33
16440,36
18120,36
12355,3
17723,36
14699,36
12821,36
13055,36
13320,36
16357,36
18242,36
15865,36
17597,36
14397,36
13242,36
12684,14
14288,36
15063,36
12592,15
14591,36
13990,36
12749,36
16320,37
14691,36
16229,36
14920,36
17489,36
13404,36
15729,36
16644,36
14731,36
14277,14
15187,36
13052,36
18133,36
17664,36
14649,36
13235,36
14883,36
12976,36
14681,36
14421,36
16116,36
14988,36
15489,36
14364,36
16006,36
16184,36
17932,36
18221,36
12590,15
14853,36
17658,36
17764,36
14651,36
14000,36
13601,36
12757,27
17970,36
12770,20
15826,36
15907,36
12695,14
14342,36
14873,36
14689,36
15440,36
16076,36
15333,36
16283,36
17263,36
16877,36
12674,14
16642,36
12871,36
14038,36
14489,36
14888,36
17190,36
13456,36
17898,36
13976,36
16139,36
15730,36
16266,36
15123,36
17505,36
12690,14
16446,36
17556,36
14583,36
16818,36
13572,36
14009,36
13258,36
14463,36
13192,36
16987,36
13417,36
17047,36
15116,36
17469,36
16647,36
15630,36
17245,36
16008,36
17871,36
13529,36
12620,14
15599,36
16813,36
14859,36
16463,36
15791,36
13658,36
13887,36
12353,3
14551,36
17166,36
17926,36
13391,36
17455,36
13308,36
13856,36
13243,36
15095,36
18048,36
18287,36
18150,36
16690,36
13555,36
16038,36
13972,36
13227,36
13657,36
17176,36
14837,36
14682,36
14921,36
16341,36
14647,36
12710,15
15292,36
15705,36
13339,36
13885,36
12360,2
13546,36
17715,36
18160,36
15434,36
15734,36
13737,36
13213,36
18018,36
15314,36
17521,36
15042,36
12863,36
16091,36
15804,36
14593,36
14287,36
16763,36
14705,36
12562,14
12815,26
14522,36
16448,36
14584,36
12974,36
12987,36
14816,36
15852,36
16624,36
12493,14
18232,36
18073,36
16369,36
14280,36
13135,36
17345,36
16275,36
14338,36
15402,36
12876,4
16323,36
12426,15
14451,36
14823,36
15897,36
17051,36
15925,36
12787,24
15863,36
16483,36
13398,36
13070,36
14819,36
12790,24
15163,36
18204,36
15124,36
12473,15
16969,36
14597,36
13917,36
13062,36
16484,36
15184,36
18135,36
14453,36
17900,36
13437,36
12517,15
16529,36
17531,36
16239,36
14500,36
16117,36
13248,36
16967,36
15405,36
16659,36
16880,36
13435,36
13131,36
14891,36
16682,36
15453,36
16963,36
13682,36
15152,36
15462,36
12449,4
15349,36
16849,36
12802,24
15073,36
16298,36
12535,14
18248,36
15386,36
17252,36
14542,36
16825,36
12380,4
18072,36
13643,36
15969,36
13283,36
17015,36
14375,36
17124,36
17987,36
13395,36
17828,23
15743,36
17414,36
14622,36
15609,36
14561,36
16872,36
16358,36
15238,36
13466,36
17360,36
13510,36
12406,10
14241,36
14132,36
14963,36
17169,36
15252,36
17731,36
16113,36
12694,14
16107,36
17483,36
15679,36
13686,36
16581,36
15267,36
17234,36
17797,36
16614,36
12409,33
15411,36
14178,36
15098,36
18281,36
14984,36
12516,15
17265,36
13617,36
17242,36
17289,36
16018,36
14704,36
16794,36
13761,36
13517,36
13936,36
16342,36
14177,36
12732,14
16205,36
15036,36
13589,36
17579,36
15069,36
17349,36
13080,36
13663,36
14503,36
16774,36
13384,36
17101,36
14997,36
17155,36
12809,27
16461,36
13343,36
12624,14
18165,36
17536,36
16324,36
17651,36
14222,36
15585,36
17490,36
16739,36
16276,36
17193,36
16257,36
14285,36
17642,36
12816,26
13826,36
13575,36
17157,36
16852,36
15219,36
15014,36
14765,36
16869,36
15909,36
13618,36
16050,36
17879,36
17562,36
15334,36
12450,31
13568,36
14820,36
16744,36
15700,36
17299,36
12837,36
15076,36
17444,6
15921,36
15747,36
15840,36
15016,36
14808,36
12904,36
15825,36
12432,25
15389,36
15280,36
17159,36
12830,36
15507,36
18252,36
16526,36
17695,36
12930,36
14960,36
12444,25
17960,36
15412,36
13763,36
12798,20
13849,36
16114,36
13420,36
13780,36
17877,36
16247,36
15041,36
12379,4
16287,36
12919,36
15130,36
12704,13
17370,36
17709,36
15253,36
13300,36
17759,36
12465,4
12412,10
12697,32
13937,36
12615,14
15850,36
15186,36
13791,36
14795,36
17768,36
18112,36
12548,31
17386,36
14104,36
17110,36
13895,36
16545,36
16671,36
14351,36
17391,36
16824,36
17750,36
16200,36
17997,36
14383,36
13461,36
17408,36
15537,36
14327,36
17837,36
12424,1
15578,36
15584,36
13745,36
16498,36
17891,36
17123,36
16866,36
13730,36
16589,36
12922,36
16009,36
14053,36
17939,36
17312,36
13833,36
17899,36
15007,36
17464,36
18265,36
16344,36
13338,36
17024,36
14034,36
18203,36
16616,36
16338,36
17046,36
13109,36
16829,36
13217,36
14002,36
12977,36
13291,36
13583,36
16929,36
17892,36
15505,36
14459,36
18013,36
13681,36
13699,36
14493,36
13486,36
13302,36
16012,36
12635,15
17031,36
12461,33
12648,15
18121,36
15901,36
14918,36
15920,36
17353,36
18024,36
15467,36
16174,36
13678,36
14690,36
13058,36
14552,36
12556,31
13224,36
16989,36
12358,2
13207,36
18122,36
12722,14
17405,36
13311,36
15051,36
15895,36
15795,36
13669,36
16450,36
13667,36
14400,36
12405,13
14265,37
14847,36
14862,36
16488,36
15256,36
14716,36
13933,36
14857,36
15306,36
15839,36
13994,36
17554,36
14332,36
17266,36
17948,36
15004,36
14722,36
13507,36
13967,36
16054,36
12833,36
16474,36
17984,36
12589,14
17448,36
16762,36
15369,36
13154,36
13940,36
14029,36
14117,36
13167,36
17779,36
13991,36
18101,36
17065,36
13827,36
12560,15
16764,36
18180,36
12521,15
17866,36
15802,36
17229,36
14456,36
16464,36
17962,36
16149,36
14259,36
18143,36
17935,36
14517,36
17694,36
17660,36
16041,36
15623,36
15829,36
15232,36
12438,25
12627,15
13079,36
18262,36
13563,36
15506,36
16305,36
12864,36
17724,36
17703,36
13116,36
14019,36
17649,36
16178,36
17040,36
14100,36
16557,36
13296,36
13814,15
16364,36
17693,36
15372,36
15618,36
13930,36
13379,36
13194,36
16447,36
14305,36
12397,4
14331,36
15261,36
15105,36
13813,15
18268,36
14855,36
13925,36
18237,36
12453,2
15639,36
15118,36
15746,36
12743,37
15942,36
14143,36
15120,36
16147,36
13277,36
18127,36
15149,36
18081,36
14511,36
12716,14
15776,36
12981,36
13106,36
13928,36
14885,36
13388,36
15438,36
17173,36
17941,36
14947,36
17053,36
12534,15
12844,36
14567,36
14937,7
12828,36
16984,36
13023,36
17553,36
13075,36
15342,36
12644,15
12378,33
17788,36
13850,36
14076,36
13805,36
17887,36
13186,36
12750,26
15374,36
17656,36
16102,36
15089,36
14972,36
17514,36
12917,36
12689,14
14768,36
17584,36
15254,36
18099,36
15205,36
13218,36
17267,36
16302,36
13513,36
14720,36
18282,36
12610,19
13200,36
14079,36
17298,36
14024,36
16066,36
15198,36
12885,36
17331,36
13016,36
13500,36
15247,36
13355,36
16053,36
13919,10
12384,33
16292,36
12571,14
14116,36
14495,36
15494,36
15608,36
17248,36
17653,36
13645,36
15469,36
13307,36
12381,25
17122,36
14406,36
15683,36
14301,36
14658,36
13621,36
16272,36
17958,36
16836,36
16961,36
16902,36
15706,36
15480,23
15315,36
15653,36
13159,36
13189,36
17637,36
12641,32
13470,36
15786,36
15541,36
16734,36
16706,36
17070,36
12688,18
12729,14
12962,36
13273,36
17736,36
15472,36
12680,14
16582,36
17747,36
12513,14
15396,36
12418,33
16828,36
14712,36
12991,36
14772,36
12364,4
12968,36
16330,36
14566,7
15701,36
12518,15
14529,36
16536,36
15313,36
15801,36
16201,36
16555,36
16952,36
14387,36
17073,36
18147,36
14523,36
14418,36
12642,15
16968,36
16723,36
13411,36
16340,36
13236,36
14196,36
15263,36
14314,36
16093,36
17844,6
14687,36
14050,36
16429,36
14055,36
12715,32
15663,36
18200,36
18167,36
13644,36
17451,36
16641,36
13812,15
14141,36
15074,36
12492,15
17183,36
15325,36
13778,36
14869,36
14096,36
14108,36
12814,26
15866,36
14660,36
13726,36
15690,36
17777,36
16278,36
13276,36
12436,25
13147,36
13045,36
13099,36
12739,35
14420,36
14436,36
18027,36
12794,27
12832,36
16674,36
12375,13
16173,36
14171,36
13434,36
16761,36
14067,36
13808,36
12851,36
14335,15
14965,36
15136,36
16629,36
18261,36
15307,36
16820,36
17309,36
13949,36
14360,36
16400,36
14208,36
12526,15
13130,36
13210,36
17481,36
12685,14
17573,36
14452,36
13889,36
15488,36
18222,36
13244,36
17004,36
13441,36
13823,36
12879,36
16603,36
14824,36
16910,36
15652,36
16362,36
15035,36
14508,36
13272,36
17317,36
14212,36
13372,36
18255,36
14250,36
16796,36
14432,36
15782,36
12883,36
12965,36
15533,36
18215,36
18158,36
13375,36
13431,36
16211,36
12884,36
16141,36
17919,36
16360,36
17433,36
13704,36
14020,36
14359,36
16451,36
12940,36
15216,36
15522,36
17037,36
12822,36
15343,36
14753,36
16959,36
18251,36
13032,36
12895,36
17640,36
13860,36
12756,20
18001,36
17728,36
15933,36
14284,36
17347,36
15103,36
15707,36
13430,36
12566,15
13321,36
13877,36
15272,36
15322,36
17333,36
13518,36
14306,36
17679,36
16160,36
15573,36
14894,36
17434,36
15466,36
15511,36
17846,36
16189,36
15417,36
12995,36
14557,36
16108,36
17144,36
16924,36
15099,36
13323,36
14124,36
15975,36
15523,36
16878,36
15947,36
13247,36
13566,36
18194,36
16689,36
16438,36
13067,36
16460,36
13325,36
12640,14
13774,36
12497,15
12752,25
15504,36
15500,36
17557,36
13228,36
14356,36
13416,36
17628,36
16527,36
16428,36
15341,36
16215,36
14164,36
15888,36
17564,36
13356,36
12390,4
18228,36
17415,36
13350,36
12550,31
16627,36
17475,36
14951,36
14780,36
14887,36
15399,36
17466,36
16379,36
17172,36
15239,36
16213,36
15603,36
14261,36
12657,14
15571,36
15484,36
12936,36
16236,36
16669,36
15398,36
12906,36
17079,36
14125,36
17163,36
12952,36
12579,14
13279,36
12425,27
16715,36
13519,36
12546,31
15744,36
13127,36
15714,36
17480,36
15763,36
15075,36
16978,36
14014,36
16240,36
13336,36
14652,36
15807,36
15762,36
15475,36
15978,36
16485,36
12488,14
13083,36
16169,36
17506,36
16480,36
17006,36
17498,36
17131,36
13536,36
15429,36
17154,36
16594,36
16049,36
14757,36
16198,36
13670,36
18066,36
14806,36
12783,27
13429,36
15154,36
13390,36
12925,36
13927,36
18205,36
14908,36
13639,36
15958,36
15492,36
15243,36
16468,36
15344,36
13866,36
12612,15
16999,36
13514,36
13314,36
17805,36
18278,36
13979,36
16181,36
15568,36
16354,36
14412,36
16119,36
14109,36
16157,36
15348,36
16281,36
13924,36
14434,36
13061,36
17513,36
16909,36
16650,36
18192,36
17447,36
17427,36
15175,36
13960,36
17528,36
16361,36
13886,36
13354,36
15050,36
13503,36
16653,36
16574,36
13759,36
17813,36
12718,14
15949,36
12703,15
13364,36
16268,36
18053,36
16101,36
15565,36
18217,36
13954,36
15593,36
13095,36
15287,36
13347,36
15185,36
16404,36
16613,36
16591,36
15774,36
13558,36
16930,36
16533,36
18059,36
14488,36
16747,36
14333,36
13635,36
17330,36
17321,36
14815,36
15091,36
15088,36
15930,36
16183,36
13297,36
13801,36
16881,36
17014,36
15255,36
14184,36
13351,36
15739,36
12512,18
17957,36
15276,36
15127,36
16106,36
17666,36
13483,36
16478,36
17382,36
12789,24
16020,36
17222,36
16803,36
13947,36
16758,36
12719,14
17647,36
14054,36
12723,14
18033,36
13845,36
15837,36
12628,15
13177,36
14317,36
16295,36
13602,36
16895,36
17295,36
13504,36
13422,36
15264,36
16432,36
13816,15
14518,36
13882,36
15937,36
12923,36
17453,36
15766,36
15300,36
13348,36
14592,36
14792,36
17030,36
12420,8
14427,36
12519,15
13359,36
14138,36
15297,36
13876,36
12740,14
17086,36
13806,36
18096,36
13587,36
12856,36
13419,36
17509,36
16900,36
13689,36
13755,36
16104,36
13259,36
16248,36
15612,36
15787,36
16595,36
13260,36
15821,36
18088,36
16685,36
13193,36
13212,36
14801,36
16380,36
16921,36
15193,36
14027,36
16179,36
15473,36
17425,36
18169,36
18126,36
16688,36
16982,36
15330,36
17186,36
13685,36
16776,36
13980,36
13352,36
15553,36
15886,36
17203,36
12607,34
17459,36
12772,27
16561,36
14121,36
12371,33
17119,36
17620,36
12824,36
14710,36
16120,36
14624,36
16171,36
12536,14
13690,36
17934,36
14642,36
12602,14
16753,36
17737,36
13464,36
12667,13
12498,15
14537,36
17279,36
14251,36
12446,28
12631,13
14234,36
14975,36
13853,36
16773,36
16430,36
16793,36
18130,36
17614,36
13858,36
14856,36
14089,36
15478,36
16413,36
13810,15
16416,36
13006,36
17986,36
12454,31
14910,36
16243,36
13878,36
16934,36
15994,36
14547,36
16052,36
15113,36
12475,15
16542,36
18042,36
16563,36
17201,36
17520,36
13923,36
16412,36
17205,36
17534,36
15335,36
16737,36
15066,36
17206,36
17785,36
16932,36
16363,36
14830,36
17244,36
15355,36
15598,36
15637,36
16848,36
15678,36
14015,36
13594,36
15327,36
14861,36
14554,36
12611,19
14179,36
15604,36
14381,36
12572,15
16123,36
16851,36
17148,36
17549,36
17973,36
15610,36
15853,36
18019,36
14698,36
16826,36
17824,36
12522,15
15803,36
15006,36
17350,36
14799,36
15814,36
16260,36
14638,36
17354,36
13245,36
14923,36
16177,36
13366,36
16284,36
16846,36
14484,36
13897,36
14585,36
17125,36
15836,36
16313,36
13460,36
12403,10
14967,36
15286,36
17832,36
12646,34
16015,36
16311,36
15728,36
15740,36
13974,36
15677,36
15000,36
16017,36
13471,36
13598,36
18005,36
15427,36
15022,36
17111,36
17836,36
14629,36
15592,36
15277,36
16491,36
15516,36
14764,36
16742,36
15142,36
17344,36
18240,36
17081,36
14474,36
14139,36
15844,36
13176,36
12398,33
15345,36
16708,36
15963,36
18045,36
13182,36
15158,36
13028,36
13978,36
16056,36
12812,20
16071,36
14539,36
14550,36
17712,36
14102,36
14598,36
15320,36
16415,36
12448,31
12827,36
16345,36
15993,36
17895,36
15948,36
15659,36
18154,36
12630,13
13363,36
18276,36
17684,36
17878,36
14752,36
16847,36
14971,36
17545,36
16026,36
16513,36
12430,25
14357,36
16855,36
16680,36
18035,36
16648,36
16164,36
14218,36
15096,36
18030,36
14416,36
17839,36
16601,36
12912,36
13278,36
14582,36
15748,36
16079,36
17590,36
15054,36
14158,36
15385,36
16506,36
13822,36
18067,36
16190,36
15444,36
13607,36
12581,15
15360,36
13103,36
15667,36
13651,36
12552,19
16127,36
12588,13
15977,36
13697,36
14345,36
17503,36
16830,36
17495,36
12491,14
14485,36
13868,36
15423,36
17668,36
16971,36
16352,36
16884,36
15830,36
14216,36
15275,36
16790,36
15576,36
18105,36
18164,36
14974,36
17947,36
13318,36
18104,36
13271,36
17595,36
14528,36
17432,36
16337,36
14098,36
15551,36
16347,36
13721,36
16322,36
17403,36
16914,36
16602,36
12544,31
13914,36
13467,36
17221,36
17078,36
13447,36
15010,36
18022,36
16318,36
17274,36
15597,36
17233,36
16887,36
13938,36
17084,36
14882,36
15017,36
12882,36
17387,36
13727,36
13532,36
16445,36
15156,36
16372,36
17608,36
12638,32
14174,36
14039,36
13040,36
15883,36
14664,36
15526,36
17831,36
15025,36
12357,33
17761,36
15870,36
14080,36
17623,36
13673,36
14073,36
16070,36
13066,36
14929,36
13710,36
16732,36
14140,36
17219,36
16505,36
15957,36
18123,36
15043,36
17313,36
18216,36
17022,36
15153,36
16759,36
16751,36
12893,36
14836,36
17011,36
12532,14
17038,36
14968,36
12504,15
16516,36
13522,36
15986,36
13992,36
14354,36
16986,36
16953,36
18274,36
15450,36
15531,36
17500,36
17197,36
16025,36
12659,14
17461,36
17791,36
15463,36
17977,36
12617,14
14863,36
16903,36
12508,14
17502,36
12538,31
17901,36
14789,36
18209,36
12985,36
15557,36
16433,36
15692,36
17052,36
16368,36
18014,36
13732,36
13091,36
14661,36
13170,36
15654,36
13146,36
14788,36
13603,36
14382,36
16720,36
14904,36
14494,36
14902,36
16936,36
12938,36
15168,36
17538,36
18082,36
18117,36
15458,36
17566,36
16207,36
12762,27
17793,36
14953,36
16504,36
12374,2
15009,36
16423,36
15419,36
17510,36
15758,36
15524,36
14725,36
14666,36
14714,36
17153,36
12950,36
15720,36
18181,36
15556,36
17357,36
12890,36
13449,36
15269,36
14385,36
15900,36
17680,36
13926,36
16204,36
17896,36
17835,36
15432,36
18006,36
15657,36
17237,36
13160,36
12847,36
17397,36
17985,36
14362,36
13828,36
15435,36
12445,31
12603,15
14641,36
12618,19
15621,36
12391,8
18034,36
17286,36
17904,36
17301,36
15368,36
14793,36
17650,36
12702,15
14881,36
16784,36
14052,36
18110,36
17561,36
15988,36
17523,36
14950,36
16666,36
14860,36
17636,36
13832,36
13142,36
16366,36
14300,36
12349,19
12658,15
12795,27
15567,36
15645,36
16406,36
15857,36
12984,36
17253,36
13739,36
18139,36
15274,36
17010,36
15115,36
17100,36
15699,36
13403,36
16956,36
17600,36
15877,36
14424,36
13322,36
17297,36
13986,36
12920,36
18249,36
15634,36
16376,36
16811,36
12452,33
14581,36
14675,36
17290,36
16343,36
13638,36
16482,36
12784,27
17458,36
14785,36
17254,36
17767,36
15725,36
17247,36
18184,36
15428,36
17727,36
14756,36
16856,36
14703,36
17385,36
12531,15
15872,36
14966,36
17232,36
17468,36
13332,36
14946,36
13256,36
13596,36
16024,36
14954,36
17885,36
14093,36
14893,36
15721,36
17852,36
13844,36
12479,15
12660,14
15540,36
17379,36
16800,36
17806,36
17359,36
13188,36
14480,36
13349,36
15619,36
15148,36
14601,36
15783,36
17772,36
14126,36
16479,36
13428,36
15790,36
13521,36
14349,36
18058,36
12953,36
12966,36
15060,36
17911,36
14804,36
15904,36
16789,36
12558,34
17942,36
12587,13
13560,36
15539,36
13017,36
18174,36
13153,36
15773,36
17936,36
16535,36
16988,36
15097,36
18015,36
16597,36
13790,36
14219,36
12367,10
17383,36
12478,16
15992,36
15318,36
17914,36
16528,36
12442,31
16569,36
12650,14
14578,36
16000,36
15195,36
14087,36
14204,36
15471,36
13436,36
15520,36
13298,36
14569,36
12713,15
